"","Date","Geography","layer","value"
"1",2020-03-01,"Chicago","Cases",0
"2",2020-03-02,"Chicago","Cases",0
"3",2020-03-03,"Chicago","Cases",0
"4",2020-03-04,"Chicago","Cases",0
"5",2020-03-05,"Chicago","Cases",1
"6",2020-03-06,"Chicago","Cases",3
"7",2020-03-07,"Chicago","Cases",3
"8",2020-03-08,"Chicago","Cases",3
"9",2020-03-09,"Chicago","Cases",5
"10",2020-03-10,"Chicago","Cases",11
"11",2020-03-11,"Chicago","Cases",12
"12",2020-03-12,"Chicago","Cases",21
"13",2020-03-13,"Chicago","Cases",32
"14",2020-03-14,"Chicago","Cases",31
"15",2020-03-15,"Chicago","Cases",40
"16",2020-03-16,"Chicago","Cases",78
"17",2020-03-17,"Chicago","Cases",96
"18",2020-03-18,"Chicago","Cases",162
"19",2020-03-19,"Chicago","Cases",184
"20",2020-03-20,"Chicago","Cases",155
"21",2020-03-21,"Chicago","Cases",125
"22",2020-03-22,"Chicago","Cases",168
"23",2020-03-23,"Chicago","Cases",291
"24",2020-03-24,"Chicago","Cases",350
"25",2020-03-25,"Chicago","Cases",367
"26",2020-03-26,"Chicago","Cases",413
"27",2020-03-27,"Chicago","Cases",404
"28",2020-03-28,"Chicago","Cases",249
"29",2020-03-29,"Chicago","Cases",282
"30",2020-03-30,"Chicago","Cases",439
"31",2020-03-31,"Chicago","Cases",488
"32",2020-04-01,"Chicago","Cases",459
"33",2020-04-02,"Chicago","Cases",438
"34",2020-04-03,"Chicago","Cases",467
"35",2020-04-04,"Chicago","Cases",326
"36",2020-04-05,"Chicago","Cases",292
"37",2020-04-06,"Chicago","Cases",583
"38",2020-04-07,"Chicago","Cases",555
"39",2020-04-08,"Chicago","Cases",704
"40",2020-04-09,"Chicago","Cases",577
"41",2020-04-10,"Chicago","Cases",571
"42",2020-04-11,"Chicago","Cases",398
"43",2020-04-12,"Chicago","Cases",341
"44",2020-04-13,"Chicago","Cases",692
"45",2020-04-14,"Chicago","Cases",664
"46",2020-04-15,"Chicago","Cases",628
"47",2020-04-16,"Chicago","Cases",680
"48",2020-04-17,"Chicago","Cases",773
"49",2020-04-18,"Chicago","Cases",535
"50",2020-04-19,"Chicago","Cases",459
"51",2020-04-20,"Chicago","Cases",990
"52",2020-04-21,"Chicago","Cases",870
"53",2020-04-22,"Chicago","Cases",1056
"54",2020-04-23,"Chicago","Cases",1466
"55",2020-04-24,"Chicago","Cases",1076
"56",2020-04-25,"Chicago","Cases",634
"57",2020-04-26,"Chicago","Cases",434
"58",2020-04-27,"Chicago","Cases",1156
"59",2020-04-28,"Chicago","Cases",1323
"60",2020-04-29,"Chicago","Cases",1152
"61",2020-04-30,"Chicago","Cases",1270
"62",2020-05-01,"Chicago","Cases",1168
"63",2020-05-02,"Chicago","Cases",717
"64",2020-05-03,"Chicago","Cases",466
"65",2020-05-04,"Chicago","Cases",1120
"66",2020-05-05,"Chicago","Cases",1091
"67",2020-05-06,"Chicago","Cases",974
"68",2020-05-07,"Chicago","Cases",939
"69",2020-05-08,"Chicago","Cases",924
"70",2020-05-09,"Chicago","Cases",521
"71",2020-05-10,"Chicago","Cases",307
"72",2020-05-11,"Chicago","Cases",1014
"73",2020-05-12,"Chicago","Cases",942
"74",2020-05-13,"Chicago","Cases",876
"75",2020-05-14,"Chicago","Cases",776
"76",2020-05-15,"Chicago","Cases",972
"77",2020-05-16,"Chicago","Cases",516
"78",2020-05-17,"Chicago","Cases",326
"79",2020-05-18,"Chicago","Cases",945
"80",2020-05-19,"Chicago","Cases",891
"81",2020-05-20,"Chicago","Cases",770
"82",2020-05-21,"Chicago","Cases",804
"83",2020-05-22,"Chicago","Cases",725
"84",2020-05-23,"Chicago","Cases",329
"85",2020-05-24,"Chicago","Cases",280
"86",2020-05-25,"Chicago","Cases",252
"87",2020-05-26,"Chicago","Cases",755
"88",2020-05-27,"Chicago","Cases",611
"89",2020-05-28,"Chicago","Cases",521
"90",2020-05-29,"Chicago","Cases",460
"91",2020-05-30,"Chicago","Cases",239
"92",2020-05-31,"Chicago","Cases",121
"93",2020-06-01,"Chicago","Cases",236
"94",2020-06-02,"Chicago","Cases",246
"95",2020-06-03,"Chicago","Cases",279
"96",2020-06-04,"Chicago","Cases",319
"97",2020-06-05,"Chicago","Cases",339
"98",2020-06-06,"Chicago","Cases",170
"99",2020-06-07,"Chicago","Cases",110
"100",2020-06-08,"Chicago","Cases",274
"101",2020-06-09,"Chicago","Cases",254
"102",2020-06-10,"Chicago","Cases",234
"103",2020-06-11,"Chicago","Cases",201
"104",2020-06-12,"Chicago","Cases",247
"105",2020-06-13,"Chicago","Cases",121
"106",2020-06-14,"Chicago","Cases",92
"107",2020-06-15,"Chicago","Cases",235
"108",2020-06-16,"Chicago","Cases",212
"109",2020-06-17,"Chicago","Cases",219
"110",2020-06-18,"Chicago","Cases",184
"111",2020-06-19,"Chicago","Cases",219
"112",2020-06-20,"Chicago","Cases",124
"113",2020-06-21,"Chicago","Cases",47
"114",2020-06-22,"Chicago","Cases",218
"115",2020-06-23,"Chicago","Cases",232
"116",2020-06-24,"Chicago","Cases",243
"117",2020-06-25,"Chicago","Cases",248
"118",2020-06-26,"Chicago","Cases",218
"119",2020-06-27,"Chicago","Cases",130
"120",2020-06-28,"Chicago","Cases",110
"121",2020-06-29,"Chicago","Cases",280
"122",2020-06-30,"Chicago","Cases",265
"123",2020-07-01,"Chicago","Cases",262
"124",2020-07-02,"Chicago","Cases",254
"125",2020-07-03,"Chicago","Cases",175
"126",2020-07-04,"Chicago","Cases",63
"127",2020-07-05,"Chicago","Cases",89
"128",2020-07-06,"Chicago","Cases",284
"129",2020-07-07,"Chicago","Cases",343
"130",2020-07-08,"Chicago","Cases",309
"131",2020-07-09,"Chicago","Cases",287
"132",2020-07-10,"Chicago","Cases",345
"133",2020-07-11,"Chicago","Cases",155
"134",2020-07-12,"Chicago","Cases",96
"135",2020-07-13,"Chicago","Cases",337
"136",2020-07-14,"Chicago","Cases",323
"137",2020-07-15,"Chicago","Cases",267
"138",2020-07-16,"Chicago","Cases",295
"139",2020-07-17,"Chicago","Cases",325
"140",2020-07-18,"Chicago","Cases",133
"141",2020-07-19,"Chicago","Cases",99
"142",2020-07-20,"Chicago","Cases",392
"143",2020-07-21,"Chicago","Cases",287
"144",2020-07-22,"Chicago","Cases",364
"145",2020-07-23,"Chicago","Cases",316
"146",2020-07-24,"Chicago","Cases",347
"147",2020-07-25,"Chicago","Cases",157
"148",2020-07-26,"Chicago","Cases",96
"149",2020-07-27,"Chicago","Cases",361
"150",2020-07-28,"Chicago","Cases",332
"151",2020-07-29,"Chicago","Cases",443
"152",2020-07-30,"Chicago","Cases",340
"153",2020-07-31,"Chicago","Cases",391
"154",2020-08-01,"Chicago","Cases",140
"155",2020-08-02,"Chicago","Cases",95
"156",2020-08-03,"Chicago","Cases",425
"157",2020-08-04,"Chicago","Cases",361
"158",2020-08-05,"Chicago","Cases",377
"159",2020-08-06,"Chicago","Cases",348
"160",2020-08-07,"Chicago","Cases",416
"161",2020-08-08,"Chicago","Cases",177
"162",2020-08-09,"Chicago","Cases",115
"163",2020-08-10,"Chicago","Cases",377
"164",2020-08-11,"Chicago","Cases",387
"165",2020-08-12,"Chicago","Cases",429
"166",2020-08-13,"Chicago","Cases",391
"167",2020-08-14,"Chicago","Cases",343
"168",2020-08-15,"Chicago","Cases",221
"169",2020-08-16,"Chicago","Cases",121
"170",2020-08-17,"Chicago","Cases",491
"171",2020-08-18,"Chicago","Cases",392
"172",2020-08-19,"Chicago","Cases",468
"173",2020-08-20,"Chicago","Cases",398
"174",2020-08-21,"Chicago","Cases",414
"175",2020-08-22,"Chicago","Cases",183
"176",2020-08-23,"Chicago","Cases",117
"177",2020-08-24,"Chicago","Cases",528
"178",2020-08-25,"Chicago","Cases",397
"179",2020-08-26,"Chicago","Cases",380
"180",2020-08-27,"Chicago","Cases",373
"181",2020-08-28,"Chicago","Cases",377
"182",2020-08-29,"Chicago","Cases",227
"183",2020-08-30,"Chicago","Cases",100
"184",2020-08-31,"Chicago","Cases",405
"185",2020-09-01,"Chicago","Cases",330
"186",2020-09-02,"Chicago","Cases",399
"187",2020-09-03,"Chicago","Cases",333
"188",2020-09-04,"Chicago","Cases",384
"189",2020-09-05,"Chicago","Cases",198
"190",2020-09-06,"Chicago","Cases",141
"191",2020-09-07,"Chicago","Cases",72
"192",2020-09-08,"Chicago","Cases",365
"193",2020-09-09,"Chicago","Cases",400
"194",2020-09-10,"Chicago","Cases",321
"195",2020-09-11,"Chicago","Cases",334
"196",2020-09-12,"Chicago","Cases",133
"197",2020-09-13,"Chicago","Cases",122
"198",2020-09-14,"Chicago","Cases",424
"199",2020-09-15,"Chicago","Cases",347
"200",2020-09-16,"Chicago","Cases",362
"201",2020-09-17,"Chicago","Cases",384
"202",2020-09-18,"Chicago","Cases",336
"203",2020-09-19,"Chicago","Cases",167
"204",2020-09-20,"Chicago","Cases",100
"205",2020-09-21,"Chicago","Cases",411
"206",2020-09-22,"Chicago","Cases",331
"207",2020-09-23,"Chicago","Cases",378
"208",2020-09-24,"Chicago","Cases",399
"209",2020-09-25,"Chicago","Cases",368
"210",2020-09-26,"Chicago","Cases",229
"211",2020-09-27,"Chicago","Cases",152
"212",2020-09-28,"Chicago","Cases",415
"213",2020-09-29,"Chicago","Cases",374
"214",2020-09-30,"Chicago","Cases",447
"215",2020-10-01,"Chicago","Cases",352
"216",2020-10-02,"Chicago","Cases",397
"217",2020-10-03,"Chicago","Cases",214
"218",2020-10-04,"Chicago","Cases",144
"219",2020-10-05,"Chicago","Cases",540
"220",2020-10-06,"Chicago","Cases",542
"221",2020-10-07,"Chicago","Cases",528
"222",2020-10-08,"Chicago","Cases",585
"223",2020-10-09,"Chicago","Cases",652
"224",2020-10-10,"Chicago","Cases",421
"225",2020-10-11,"Chicago","Cases",288
"226",2020-10-12,"Chicago","Cases",666
"227",2020-10-13,"Chicago","Cases",865
"228",2020-10-14,"Chicago","Cases",839
"229",2020-10-15,"Chicago","Cases",853
"230",2020-10-16,"Chicago","Cases",936
"231",2020-10-17,"Chicago","Cases",531
"232",2020-10-18,"Chicago","Cases",332
"233",2020-10-19,"Chicago","Cases",1154
"234",2020-10-20,"Chicago","Cases",1180
"235",2020-10-21,"Chicago","Cases",1148
"236",2020-10-22,"Chicago","Cases",1273
"237",2020-10-23,"Chicago","Cases",995
"238",2020-10-24,"Chicago","Cases",864
"239",2020-10-25,"Chicago","Cases",517
"240",2020-10-26,"Chicago","Cases",1532
"241",2020-10-27,"Chicago","Cases",1578
"242",2020-10-28,"Chicago","Cases",1705
"243",2020-10-29,"Chicago","Cases",1840
"244",2020-10-30,"Chicago","Cases",1837
"245",2020-10-31,"Chicago","Cases",1021
"246",2020-11-01,"Chicago","Cases",707
"247",2020-11-02,"Chicago","Cases",2282
"248",2020-11-03,"Chicago","Cases",2068
"249",2020-11-04,"Chicago","Cases",2441
"250",2020-11-05,"Chicago","Cases",2512
"251",2020-11-06,"Chicago","Cases",2698
"252",2020-11-07,"Chicago","Cases",1516
"253",2020-11-08,"Chicago","Cases",1081
"254",2020-11-09,"Chicago","Cases",3092
"255",2020-11-10,"Chicago","Cases",3242
"256",2020-11-11,"Chicago","Cases",2363
"257",2020-11-12,"Chicago","Cases",2832
"258",2020-11-13,"Chicago","Cases",2607
"259",2020-11-14,"Chicago","Cases",1351
"260",2020-11-15,"Chicago","Cases",797
"261",2020-11-16,"Chicago","Cases",2504
"262",2020-11-17,"Chicago","Cases",2375
"263",2020-11-18,"Chicago","Cases",2262
"264",2020-11-19,"Chicago","Cases",2076
"265",2020-11-20,"Chicago","Cases",2257
"266",2020-11-21,"Chicago","Cases",1253
"267",2020-11-22,"Chicago","Cases",766
"268",2020-11-23,"Chicago","Cases",2294
"269",2020-11-24,"Chicago","Cases",1845
"270",2020-11-25,"Chicago","Cases",1713
"271",2020-11-26,"Chicago","Cases",239
"272",2020-11-27,"Chicago","Cases",1156
"273",2020-11-28,"Chicago","Cases",1288
"274",2020-11-29,"Chicago","Cases",760
"275",2020-11-30,"Chicago","Cases",950
"276",2020-12-01,"Chicago","Cases",350
"277",2020-12-02,"Chicago","Cases",10
"278",NA,"Chicago","Cases",202
"279",2020-03-01,"Chicago","Deaths",0
"280",2020-03-02,"Chicago","Deaths",0
"281",2020-03-03,"Chicago","Deaths",0
"282",2020-03-04,"Chicago","Deaths",0
"283",2020-03-05,"Chicago","Deaths",0
"284",2020-03-06,"Chicago","Deaths",0
"285",2020-03-07,"Chicago","Deaths",0
"286",2020-03-08,"Chicago","Deaths",0
"287",2020-03-09,"Chicago","Deaths",0
"288",2020-03-10,"Chicago","Deaths",0
"289",2020-03-11,"Chicago","Deaths",0
"290",2020-03-12,"Chicago","Deaths",0
"291",2020-03-13,"Chicago","Deaths",0
"292",2020-03-14,"Chicago","Deaths",0
"293",2020-03-15,"Chicago","Deaths",0
"294",2020-03-16,"Chicago","Deaths",1
"295",2020-03-17,"Chicago","Deaths",1
"296",2020-03-18,"Chicago","Deaths",1
"297",2020-03-19,"Chicago","Deaths",2
"298",2020-03-20,"Chicago","Deaths",0
"299",2020-03-21,"Chicago","Deaths",2
"300",2020-03-22,"Chicago","Deaths",2
"301",2020-03-23,"Chicago","Deaths",3
"302",2020-03-24,"Chicago","Deaths",2
"303",2020-03-25,"Chicago","Deaths",5
"304",2020-03-26,"Chicago","Deaths",2
"305",2020-03-27,"Chicago","Deaths",8
"306",2020-03-28,"Chicago","Deaths",4
"307",2020-03-29,"Chicago","Deaths",20
"308",2020-03-30,"Chicago","Deaths",12
"309",2020-03-31,"Chicago","Deaths",16
"310",2020-04-01,"Chicago","Deaths",24
"311",2020-04-02,"Chicago","Deaths",15
"312",2020-04-03,"Chicago","Deaths",24
"313",2020-04-04,"Chicago","Deaths",22
"314",2020-04-05,"Chicago","Deaths",26
"315",2020-04-06,"Chicago","Deaths",22
"316",2020-04-07,"Chicago","Deaths",24
"317",2020-04-08,"Chicago","Deaths",36
"318",2020-04-09,"Chicago","Deaths",25
"319",2020-04-10,"Chicago","Deaths",32
"320",2020-04-11,"Chicago","Deaths",33
"321",2020-04-12,"Chicago","Deaths",33
"322",2020-04-13,"Chicago","Deaths",33
"323",2020-04-14,"Chicago","Deaths",33
"324",2020-04-15,"Chicago","Deaths",31
"325",2020-04-16,"Chicago","Deaths",30
"326",2020-04-17,"Chicago","Deaths",43
"327",2020-04-18,"Chicago","Deaths",39
"328",2020-04-19,"Chicago","Deaths",35
"329",2020-04-20,"Chicago","Deaths",40
"330",2020-04-21,"Chicago","Deaths",36
"331",2020-04-22,"Chicago","Deaths",45
"332",2020-04-23,"Chicago","Deaths",36
"333",2020-04-24,"Chicago","Deaths",53
"334",2020-04-25,"Chicago","Deaths",38
"335",2020-04-26,"Chicago","Deaths",51
"336",2020-04-27,"Chicago","Deaths",35
"337",2020-04-28,"Chicago","Deaths",56
"338",2020-04-29,"Chicago","Deaths",42
"339",2020-04-30,"Chicago","Deaths",40
"340",2020-05-01,"Chicago","Deaths",39
"341",2020-05-02,"Chicago","Deaths",50
"342",2020-05-03,"Chicago","Deaths",45
"343",2020-05-04,"Chicago","Deaths",48
"344",2020-05-05,"Chicago","Deaths",57
"345",2020-05-06,"Chicago","Deaths",43
"346",2020-05-07,"Chicago","Deaths",49
"347",2020-05-08,"Chicago","Deaths",44
"348",2020-05-09,"Chicago","Deaths",52
"349",2020-05-10,"Chicago","Deaths",39
"350",2020-05-11,"Chicago","Deaths",38
"351",2020-05-12,"Chicago","Deaths",46
"352",2020-05-13,"Chicago","Deaths",45
"353",2020-05-14,"Chicago","Deaths",45
"354",2020-05-15,"Chicago","Deaths",48
"355",2020-05-16,"Chicago","Deaths",28
"356",2020-05-17,"Chicago","Deaths",41
"357",2020-05-18,"Chicago","Deaths",33
"358",2020-05-19,"Chicago","Deaths",27
"359",2020-05-20,"Chicago","Deaths",29
"360",2020-05-21,"Chicago","Deaths",34
"361",2020-05-22,"Chicago","Deaths",36
"362",2020-05-23,"Chicago","Deaths",30
"363",2020-05-24,"Chicago","Deaths",27
"364",2020-05-25,"Chicago","Deaths",23
"365",2020-05-26,"Chicago","Deaths",23
"366",2020-05-27,"Chicago","Deaths",26
"367",2020-05-28,"Chicago","Deaths",22
"368",2020-05-29,"Chicago","Deaths",20
"369",2020-05-30,"Chicago","Deaths",21
"370",2020-05-31,"Chicago","Deaths",22
"371",2020-06-01,"Chicago","Deaths",21
"372",2020-06-02,"Chicago","Deaths",25
"373",2020-06-03,"Chicago","Deaths",21
"374",2020-06-04,"Chicago","Deaths",15
"375",2020-06-05,"Chicago","Deaths",17
"376",2020-06-06,"Chicago","Deaths",20
"377",2020-06-07,"Chicago","Deaths",20
"378",2020-06-08,"Chicago","Deaths",15
"379",2020-06-09,"Chicago","Deaths",23
"380",2020-06-10,"Chicago","Deaths",12
"381",2020-06-11,"Chicago","Deaths",10
"382",2020-06-12,"Chicago","Deaths",21
"383",2020-06-13,"Chicago","Deaths",18
"384",2020-06-14,"Chicago","Deaths",12
"385",2020-06-15,"Chicago","Deaths",20
"386",2020-06-16,"Chicago","Deaths",11
"387",2020-06-17,"Chicago","Deaths",21
"388",2020-06-18,"Chicago","Deaths",14
"389",2020-06-19,"Chicago","Deaths",15
"390",2020-06-20,"Chicago","Deaths",10
"391",2020-06-21,"Chicago","Deaths",11
"392",2020-06-22,"Chicago","Deaths",9
"393",2020-06-23,"Chicago","Deaths",8
"394",2020-06-24,"Chicago","Deaths",9
"395",2020-06-25,"Chicago","Deaths",11
"396",2020-06-26,"Chicago","Deaths",13
"397",2020-06-27,"Chicago","Deaths",5
"398",2020-06-28,"Chicago","Deaths",5
"399",2020-06-29,"Chicago","Deaths",7
"400",2020-06-30,"Chicago","Deaths",3
"401",2020-07-01,"Chicago","Deaths",13
"402",2020-07-02,"Chicago","Deaths",6
"403",2020-07-03,"Chicago","Deaths",5
"404",2020-07-04,"Chicago","Deaths",5
"405",2020-07-05,"Chicago","Deaths",3
"406",2020-07-06,"Chicago","Deaths",5
"407",2020-07-07,"Chicago","Deaths",4
"408",2020-07-08,"Chicago","Deaths",4
"409",2020-07-09,"Chicago","Deaths",7
"410",2020-07-10,"Chicago","Deaths",6
"411",2020-07-11,"Chicago","Deaths",2
"412",2020-07-12,"Chicago","Deaths",4
"413",2020-07-13,"Chicago","Deaths",3
"414",2020-07-14,"Chicago","Deaths",3
"415",2020-07-15,"Chicago","Deaths",7
"416",2020-07-16,"Chicago","Deaths",2
"417",2020-07-17,"Chicago","Deaths",3
"418",2020-07-18,"Chicago","Deaths",4
"419",2020-07-19,"Chicago","Deaths",2
"420",2020-07-20,"Chicago","Deaths",5
"421",2020-07-21,"Chicago","Deaths",1
"422",2020-07-22,"Chicago","Deaths",4
"423",2020-07-23,"Chicago","Deaths",3
"424",2020-07-24,"Chicago","Deaths",3
"425",2020-07-25,"Chicago","Deaths",8
"426",2020-07-26,"Chicago","Deaths",6
"427",2020-07-27,"Chicago","Deaths",1
"428",2020-07-28,"Chicago","Deaths",3
"429",2020-07-29,"Chicago","Deaths",3
"430",2020-07-30,"Chicago","Deaths",2
"431",2020-07-31,"Chicago","Deaths",2
"432",2020-08-01,"Chicago","Deaths",5
"433",2020-08-02,"Chicago","Deaths",3
"434",2020-08-03,"Chicago","Deaths",3
"435",2020-08-04,"Chicago","Deaths",2
"436",2020-08-05,"Chicago","Deaths",4
"437",2020-08-06,"Chicago","Deaths",4
"438",2020-08-07,"Chicago","Deaths",2
"439",2020-08-08,"Chicago","Deaths",3
"440",2020-08-09,"Chicago","Deaths",2
"441",2020-08-10,"Chicago","Deaths",2
"442",2020-08-11,"Chicago","Deaths",4
"443",2020-08-12,"Chicago","Deaths",2
"444",2020-08-13,"Chicago","Deaths",4
"445",2020-08-14,"Chicago","Deaths",3
"446",2020-08-15,"Chicago","Deaths",5
"447",2020-08-16,"Chicago","Deaths",3
"448",2020-08-17,"Chicago","Deaths",3
"449",2020-08-18,"Chicago","Deaths",1
"450",2020-08-19,"Chicago","Deaths",5
"451",2020-08-20,"Chicago","Deaths",3
"452",2020-08-21,"Chicago","Deaths",5
"453",2020-08-22,"Chicago","Deaths",2
"454",2020-08-23,"Chicago","Deaths",1
"455",2020-08-24,"Chicago","Deaths",3
"456",2020-08-25,"Chicago","Deaths",4
"457",2020-08-26,"Chicago","Deaths",3
"458",2020-08-27,"Chicago","Deaths",2
"459",2020-08-28,"Chicago","Deaths",4
"460",2020-08-29,"Chicago","Deaths",4
"461",2020-08-30,"Chicago","Deaths",4
"462",2020-08-31,"Chicago","Deaths",2
"463",2020-09-01,"Chicago","Deaths",3
"464",2020-09-02,"Chicago","Deaths",3
"465",2020-09-03,"Chicago","Deaths",3
"466",2020-09-04,"Chicago","Deaths",2
"467",2020-09-05,"Chicago","Deaths",4
"468",2020-09-06,"Chicago","Deaths",2
"469",2020-09-07,"Chicago","Deaths",1
"470",2020-09-08,"Chicago","Deaths",1
"471",2020-09-09,"Chicago","Deaths",5
"472",2020-09-10,"Chicago","Deaths",2
"473",2020-09-11,"Chicago","Deaths",5
"474",2020-09-12,"Chicago","Deaths",0
"475",2020-09-13,"Chicago","Deaths",3
"476",2020-09-14,"Chicago","Deaths",3
"477",2020-09-15,"Chicago","Deaths",1
"478",2020-09-16,"Chicago","Deaths",4
"479",2020-09-17,"Chicago","Deaths",0
"480",2020-09-18,"Chicago","Deaths",4
"481",2020-09-19,"Chicago","Deaths",2
"482",2020-09-20,"Chicago","Deaths",6
"483",2020-09-21,"Chicago","Deaths",2
"484",2020-09-22,"Chicago","Deaths",2
"485",2020-09-23,"Chicago","Deaths",6
"486",2020-09-24,"Chicago","Deaths",5
"487",2020-09-25,"Chicago","Deaths",3
"488",2020-09-26,"Chicago","Deaths",4
"489",2020-09-27,"Chicago","Deaths",1
"490",2020-09-28,"Chicago","Deaths",2
"491",2020-09-29,"Chicago","Deaths",6
"492",2020-09-30,"Chicago","Deaths",2
"493",2020-10-01,"Chicago","Deaths",4
"494",2020-10-02,"Chicago","Deaths",3
"495",2020-10-03,"Chicago","Deaths",4
"496",2020-10-04,"Chicago","Deaths",5
"497",2020-10-05,"Chicago","Deaths",3
"498",2020-10-06,"Chicago","Deaths",2
"499",2020-10-07,"Chicago","Deaths",1
"500",2020-10-08,"Chicago","Deaths",3
"501",2020-10-09,"Chicago","Deaths",4
"502",2020-10-10,"Chicago","Deaths",5
"503",2020-10-11,"Chicago","Deaths",4
"504",2020-10-12,"Chicago","Deaths",4
"505",2020-10-13,"Chicago","Deaths",5
"506",2020-10-14,"Chicago","Deaths",3
"507",2020-10-15,"Chicago","Deaths",2
"508",2020-10-16,"Chicago","Deaths",3
"509",2020-10-17,"Chicago","Deaths",5
"510",2020-10-18,"Chicago","Deaths",1
"511",2020-10-19,"Chicago","Deaths",4
"512",2020-10-20,"Chicago","Deaths",5
"513",2020-10-21,"Chicago","Deaths",6
"514",2020-10-22,"Chicago","Deaths",4
"515",2020-10-23,"Chicago","Deaths",4
"516",2020-10-24,"Chicago","Deaths",5
"517",2020-10-25,"Chicago","Deaths",9
"518",2020-10-26,"Chicago","Deaths",8
"519",2020-10-27,"Chicago","Deaths",4
"520",2020-10-28,"Chicago","Deaths",7
"521",2020-10-29,"Chicago","Deaths",4
"522",2020-10-30,"Chicago","Deaths",4
"523",2020-10-31,"Chicago","Deaths",10
"524",2020-11-01,"Chicago","Deaths",5
"525",2020-11-02,"Chicago","Deaths",15
"526",2020-11-03,"Chicago","Deaths",13
"527",2020-11-04,"Chicago","Deaths",8
"528",2020-11-05,"Chicago","Deaths",6
"529",2020-11-06,"Chicago","Deaths",10
"530",2020-11-07,"Chicago","Deaths",12
"531",2020-11-08,"Chicago","Deaths",10
"532",2020-11-09,"Chicago","Deaths",13
"533",2020-11-10,"Chicago","Deaths",13
"534",2020-11-11,"Chicago","Deaths",8
"535",2020-11-12,"Chicago","Deaths",17
"536",2020-11-13,"Chicago","Deaths",17
"537",2020-11-14,"Chicago","Deaths",16
"538",2020-11-15,"Chicago","Deaths",10
"539",2020-11-16,"Chicago","Deaths",21
"540",2020-11-17,"Chicago","Deaths",16
"541",2020-11-18,"Chicago","Deaths",17
"542",2020-11-19,"Chicago","Deaths",16
"543",2020-11-20,"Chicago","Deaths",25
"544",2020-11-21,"Chicago","Deaths",18
"545",2020-11-22,"Chicago","Deaths",11
"546",2020-11-23,"Chicago","Deaths",17
"547",2020-11-24,"Chicago","Deaths",10
"548",2020-11-25,"Chicago","Deaths",13
"549",2020-11-26,"Chicago","Deaths",14
"550",2020-11-27,"Chicago","Deaths",12
"551",2020-11-28,"Chicago","Deaths",13
"552",2020-11-29,"Chicago","Deaths",12
"553",2020-11-30,"Chicago","Deaths",3
"554",2020-12-01,"Chicago","Deaths",0
"555",2020-12-02,"Chicago","Deaths",0
"556",NA,"Chicago","Deaths",0
"557",2020-03-01,"Chicago","Cases7d",0
"558",2020-03-02,"Chicago","Cases7d",0
"559",2020-03-03,"Chicago","Cases7d",0
"560",2020-03-04,"Chicago","Cases7d",0
"561",2020-03-05,"Chicago","Cases7d",0
"562",2020-03-06,"Chicago","Cases7d",0
"563",2020-03-07,"Chicago","Cases7d",1
"564",2020-03-08,"Chicago","Cases7d",1.42857142857143
"565",2020-03-09,"Chicago","Cases7d",2.14285714285714
"566",2020-03-10,"Chicago","Cases7d",3.71428571428571
"567",2020-03-11,"Chicago","Cases7d",5.42857142857143
"568",2020-03-12,"Chicago","Cases7d",8.28571428571429
"569",2020-03-13,"Chicago","Cases7d",12.4285714285714
"570",2020-03-14,"Chicago","Cases7d",16.4285714285714
"571",2020-03-15,"Chicago","Cases7d",21.7142857142857
"572",2020-03-16,"Chicago","Cases7d",32.1428571428571
"573",2020-03-17,"Chicago","Cases7d",44.2857142857143
"574",2020-03-18,"Chicago","Cases7d",65.7142857142857
"575",2020-03-19,"Chicago","Cases7d",89
"576",2020-03-20,"Chicago","Cases7d",106.571428571429
"577",2020-03-21,"Chicago","Cases7d",120
"578",2020-03-22,"Chicago","Cases7d",138.285714285714
"579",2020-03-23,"Chicago","Cases7d",168.714285714286
"580",2020-03-24,"Chicago","Cases7d",205
"581",2020-03-25,"Chicago","Cases7d",234.285714285714
"582",2020-03-26,"Chicago","Cases7d",267
"583",2020-03-27,"Chicago","Cases7d",302.571428571429
"584",2020-03-28,"Chicago","Cases7d",320.285714285714
"585",2020-03-29,"Chicago","Cases7d",336.571428571429
"586",2020-03-30,"Chicago","Cases7d",357.714285714286
"587",2020-03-31,"Chicago","Cases7d",377.428571428571
"588",2020-04-01,"Chicago","Cases7d",390.571428571429
"589",2020-04-02,"Chicago","Cases7d",394.142857142857
"590",2020-04-03,"Chicago","Cases7d",403.142857142857
"591",2020-04-04,"Chicago","Cases7d",414.142857142857
"592",2020-04-05,"Chicago","Cases7d",415.571428571429
"593",2020-04-06,"Chicago","Cases7d",436.142857142857
"594",2020-04-07,"Chicago","Cases7d",445.714285714286
"595",2020-04-08,"Chicago","Cases7d",480.714285714286
"596",2020-04-09,"Chicago","Cases7d",500.571428571429
"597",2020-04-10,"Chicago","Cases7d",515.428571428571
"598",2020-04-11,"Chicago","Cases7d",525.714285714286
"599",2020-04-12,"Chicago","Cases7d",532.714285714286
"600",2020-04-13,"Chicago","Cases7d",548.285714285714
"601",2020-04-14,"Chicago","Cases7d",563.857142857143
"602",2020-04-15,"Chicago","Cases7d",553
"603",2020-04-16,"Chicago","Cases7d",567.714285714286
"604",2020-04-17,"Chicago","Cases7d",596.571428571429
"605",2020-04-18,"Chicago","Cases7d",616.142857142857
"606",2020-04-19,"Chicago","Cases7d",633
"607",2020-04-20,"Chicago","Cases7d",675.571428571429
"608",2020-04-21,"Chicago","Cases7d",705
"609",2020-04-22,"Chicago","Cases7d",766.142857142857
"610",2020-04-23,"Chicago","Cases7d",878.428571428571
"611",2020-04-24,"Chicago","Cases7d",921.714285714286
"612",2020-04-25,"Chicago","Cases7d",935.857142857143
"613",2020-04-26,"Chicago","Cases7d",932.285714285714
"614",2020-04-27,"Chicago","Cases7d",956
"615",2020-04-28,"Chicago","Cases7d",1020.71428571429
"616",2020-04-29,"Chicago","Cases7d",1034.42857142857
"617",2020-04-30,"Chicago","Cases7d",1006.42857142857
"618",2020-05-01,"Chicago","Cases7d",1019.57142857143
"619",2020-05-02,"Chicago","Cases7d",1031.42857142857
"620",2020-05-03,"Chicago","Cases7d",1036
"621",2020-05-04,"Chicago","Cases7d",1030.85714285714
"622",2020-05-05,"Chicago","Cases7d",997.714285714286
"623",2020-05-06,"Chicago","Cases7d",972.285714285714
"624",2020-05-07,"Chicago","Cases7d",925
"625",2020-05-08,"Chicago","Cases7d",890.142857142857
"626",2020-05-09,"Chicago","Cases7d",862.142857142857
"627",2020-05-10,"Chicago","Cases7d",839.428571428571
"628",2020-05-11,"Chicago","Cases7d",824.285714285714
"629",2020-05-12,"Chicago","Cases7d",803
"630",2020-05-13,"Chicago","Cases7d",789
"631",2020-05-14,"Chicago","Cases7d",765.714285714286
"632",2020-05-15,"Chicago","Cases7d",772.571428571429
"633",2020-05-16,"Chicago","Cases7d",771.857142857143
"634",2020-05-17,"Chicago","Cases7d",774.571428571429
"635",2020-05-18,"Chicago","Cases7d",764.714285714286
"636",2020-05-19,"Chicago","Cases7d",757.428571428571
"637",2020-05-20,"Chicago","Cases7d",742.285714285714
"638",2020-05-21,"Chicago","Cases7d",746.285714285714
"639",2020-05-22,"Chicago","Cases7d",711
"640",2020-05-23,"Chicago","Cases7d",684.285714285714
"641",2020-05-24,"Chicago","Cases7d",677.714285714286
"642",2020-05-25,"Chicago","Cases7d",578.714285714286
"643",2020-05-26,"Chicago","Cases7d",559.285714285714
"644",2020-05-27,"Chicago","Cases7d",536.571428571429
"645",2020-05-28,"Chicago","Cases7d",496.142857142857
"646",2020-05-29,"Chicago","Cases7d",458.285714285714
"647",2020-05-30,"Chicago","Cases7d",445.428571428571
"648",2020-05-31,"Chicago","Cases7d",422.714285714286
"649",2020-06-01,"Chicago","Cases7d",420.428571428571
"650",2020-06-02,"Chicago","Cases7d",347.714285714286
"651",2020-06-03,"Chicago","Cases7d",300.285714285714
"652",2020-06-04,"Chicago","Cases7d",271.428571428571
"653",2020-06-05,"Chicago","Cases7d",254.142857142857
"654",2020-06-06,"Chicago","Cases7d",244.285714285714
"655",2020-06-07,"Chicago","Cases7d",242.714285714286
"656",2020-06-08,"Chicago","Cases7d",248.142857142857
"657",2020-06-09,"Chicago","Cases7d",249.285714285714
"658",2020-06-10,"Chicago","Cases7d",242.857142857143
"659",2020-06-11,"Chicago","Cases7d",226
"660",2020-06-12,"Chicago","Cases7d",212.857142857143
"661",2020-06-13,"Chicago","Cases7d",205.857142857143
"662",2020-06-14,"Chicago","Cases7d",203.285714285714
"663",2020-06-15,"Chicago","Cases7d",197.714285714286
"664",2020-06-16,"Chicago","Cases7d",191.714285714286
"665",2020-06-17,"Chicago","Cases7d",189.571428571429
"666",2020-06-18,"Chicago","Cases7d",187.142857142857
"667",2020-06-19,"Chicago","Cases7d",183.142857142857
"668",2020-06-20,"Chicago","Cases7d",183.571428571429
"669",2020-06-21,"Chicago","Cases7d",177.142857142857
"670",2020-06-22,"Chicago","Cases7d",174.714285714286
"671",2020-06-23,"Chicago","Cases7d",177.571428571429
"672",2020-06-24,"Chicago","Cases7d",181
"673",2020-06-25,"Chicago","Cases7d",190.142857142857
"674",2020-06-26,"Chicago","Cases7d",190
"675",2020-06-27,"Chicago","Cases7d",190.857142857143
"676",2020-06-28,"Chicago","Cases7d",199.857142857143
"677",2020-06-29,"Chicago","Cases7d",208.714285714286
"678",2020-06-30,"Chicago","Cases7d",213.428571428571
"679",2020-07-01,"Chicago","Cases7d",216.142857142857
"680",2020-07-02,"Chicago","Cases7d",217
"681",2020-07-03,"Chicago","Cases7d",210.857142857143
"682",2020-07-04,"Chicago","Cases7d",201.285714285714
"683",2020-07-05,"Chicago","Cases7d",198.285714285714
"684",2020-07-06,"Chicago","Cases7d",198.857142857143
"685",2020-07-07,"Chicago","Cases7d",210
"686",2020-07-08,"Chicago","Cases7d",216.714285714286
"687",2020-07-09,"Chicago","Cases7d",221.428571428571
"688",2020-07-10,"Chicago","Cases7d",245.714285714286
"689",2020-07-11,"Chicago","Cases7d",258.857142857143
"690",2020-07-12,"Chicago","Cases7d",259.857142857143
"691",2020-07-13,"Chicago","Cases7d",267.428571428571
"692",2020-07-14,"Chicago","Cases7d",264.571428571429
"693",2020-07-15,"Chicago","Cases7d",258.571428571429
"694",2020-07-16,"Chicago","Cases7d",259.714285714286
"695",2020-07-17,"Chicago","Cases7d",256.857142857143
"696",2020-07-18,"Chicago","Cases7d",253.714285714286
"697",2020-07-19,"Chicago","Cases7d",254.142857142857
"698",2020-07-20,"Chicago","Cases7d",262
"699",2020-07-21,"Chicago","Cases7d",256.857142857143
"700",2020-07-22,"Chicago","Cases7d",270.714285714286
"701",2020-07-23,"Chicago","Cases7d",273.714285714286
"702",2020-07-24,"Chicago","Cases7d",276.857142857143
"703",2020-07-25,"Chicago","Cases7d",280.285714285714
"704",2020-07-26,"Chicago","Cases7d",279.857142857143
"705",2020-07-27,"Chicago","Cases7d",275.428571428571
"706",2020-07-28,"Chicago","Cases7d",281.857142857143
"707",2020-07-29,"Chicago","Cases7d",293.142857142857
"708",2020-07-30,"Chicago","Cases7d",296.571428571429
"709",2020-07-31,"Chicago","Cases7d",302.857142857143
"710",2020-08-01,"Chicago","Cases7d",300.428571428571
"711",2020-08-02,"Chicago","Cases7d",300.285714285714
"712",2020-08-03,"Chicago","Cases7d",309.428571428571
"713",2020-08-04,"Chicago","Cases7d",313.571428571429
"714",2020-08-05,"Chicago","Cases7d",304.142857142857
"715",2020-08-06,"Chicago","Cases7d",305.285714285714
"716",2020-08-07,"Chicago","Cases7d",308.857142857143
"717",2020-08-08,"Chicago","Cases7d",314.142857142857
"718",2020-08-09,"Chicago","Cases7d",317
"719",2020-08-10,"Chicago","Cases7d",310.142857142857
"720",2020-08-11,"Chicago","Cases7d",313.857142857143
"721",2020-08-12,"Chicago","Cases7d",321.285714285714
"722",2020-08-13,"Chicago","Cases7d",327.428571428571
"723",2020-08-14,"Chicago","Cases7d",317
"724",2020-08-15,"Chicago","Cases7d",323.285714285714
"725",2020-08-16,"Chicago","Cases7d",324.142857142857
"726",2020-08-17,"Chicago","Cases7d",340.428571428571
"727",2020-08-18,"Chicago","Cases7d",341.142857142857
"728",2020-08-19,"Chicago","Cases7d",346.714285714286
"729",2020-08-20,"Chicago","Cases7d",347.714285714286
"730",2020-08-21,"Chicago","Cases7d",357.857142857143
"731",2020-08-22,"Chicago","Cases7d",352.428571428571
"732",2020-08-23,"Chicago","Cases7d",351.857142857143
"733",2020-08-24,"Chicago","Cases7d",357.142857142857
"734",2020-08-25,"Chicago","Cases7d",357.857142857143
"735",2020-08-26,"Chicago","Cases7d",345.285714285714
"736",2020-08-27,"Chicago","Cases7d",341.714285714286
"737",2020-08-28,"Chicago","Cases7d",336.428571428571
"738",2020-08-29,"Chicago","Cases7d",342.714285714286
"739",2020-08-30,"Chicago","Cases7d",340.285714285714
"740",2020-08-31,"Chicago","Cases7d",322.714285714286
"741",2020-09-01,"Chicago","Cases7d",313.142857142857
"742",2020-09-02,"Chicago","Cases7d",315.857142857143
"743",2020-09-03,"Chicago","Cases7d",310.142857142857
"744",2020-09-04,"Chicago","Cases7d",311.142857142857
"745",2020-09-05,"Chicago","Cases7d",307
"746",2020-09-06,"Chicago","Cases7d",312.857142857143
"747",2020-09-07,"Chicago","Cases7d",265.285714285714
"748",2020-09-08,"Chicago","Cases7d",270.285714285714
"749",2020-09-09,"Chicago","Cases7d",270.428571428571
"750",2020-09-10,"Chicago","Cases7d",268.714285714286
"751",2020-09-11,"Chicago","Cases7d",261.571428571429
"752",2020-09-12,"Chicago","Cases7d",252.285714285714
"753",2020-09-13,"Chicago","Cases7d",249.571428571429
"754",2020-09-14,"Chicago","Cases7d",299.857142857143
"755",2020-09-15,"Chicago","Cases7d",297.285714285714
"756",2020-09-16,"Chicago","Cases7d",291.857142857143
"757",2020-09-17,"Chicago","Cases7d",300.857142857143
"758",2020-09-18,"Chicago","Cases7d",301.142857142857
"759",2020-09-19,"Chicago","Cases7d",306
"760",2020-09-20,"Chicago","Cases7d",302.857142857143
"761",2020-09-21,"Chicago","Cases7d",301
"762",2020-09-22,"Chicago","Cases7d",298.714285714286
"763",2020-09-23,"Chicago","Cases7d",301
"764",2020-09-24,"Chicago","Cases7d",303.142857142857
"765",2020-09-25,"Chicago","Cases7d",307.714285714286
"766",2020-09-26,"Chicago","Cases7d",316.571428571429
"767",2020-09-27,"Chicago","Cases7d",324
"768",2020-09-28,"Chicago","Cases7d",324.571428571429
"769",2020-09-29,"Chicago","Cases7d",330.714285714286
"770",2020-09-30,"Chicago","Cases7d",340.571428571429
"771",2020-10-01,"Chicago","Cases7d",333.857142857143
"772",2020-10-02,"Chicago","Cases7d",338
"773",2020-10-03,"Chicago","Cases7d",335.857142857143
"774",2020-10-04,"Chicago","Cases7d",334.714285714286
"775",2020-10-05,"Chicago","Cases7d",352.571428571429
"776",2020-10-06,"Chicago","Cases7d",376.571428571429
"777",2020-10-07,"Chicago","Cases7d",388.142857142857
"778",2020-10-08,"Chicago","Cases7d",421.428571428571
"779",2020-10-09,"Chicago","Cases7d",457.857142857143
"780",2020-10-10,"Chicago","Cases7d",487.428571428571
"781",2020-10-11,"Chicago","Cases7d",508
"782",2020-10-12,"Chicago","Cases7d",526
"783",2020-10-13,"Chicago","Cases7d",572.142857142857
"784",2020-10-14,"Chicago","Cases7d",616.571428571429
"785",2020-10-15,"Chicago","Cases7d",654.857142857143
"786",2020-10-16,"Chicago","Cases7d",695.428571428571
"787",2020-10-17,"Chicago","Cases7d",711.142857142857
"788",2020-10-18,"Chicago","Cases7d",717.428571428571
"789",2020-10-19,"Chicago","Cases7d",787.142857142857
"790",2020-10-20,"Chicago","Cases7d",832.142857142857
"791",2020-10-21,"Chicago","Cases7d",876.285714285714
"792",2020-10-22,"Chicago","Cases7d",936.285714285714
"793",2020-10-23,"Chicago","Cases7d",944.714285714286
"794",2020-10-24,"Chicago","Cases7d",992.285714285714
"795",2020-10-25,"Chicago","Cases7d",1018.71428571429
"796",2020-10-26,"Chicago","Cases7d",1072.71428571429
"797",2020-10-27,"Chicago","Cases7d",1129.57142857143
"798",2020-10-28,"Chicago","Cases7d",1209.14285714286
"799",2020-10-29,"Chicago","Cases7d",1290.14285714286
"800",2020-10-30,"Chicago","Cases7d",1410.42857142857
"801",2020-10-31,"Chicago","Cases7d",1432.85714285714
"802",2020-11-01,"Chicago","Cases7d",1460
"803",2020-11-02,"Chicago","Cases7d",1567.14285714286
"804",2020-11-03,"Chicago","Cases7d",1637.14285714286
"805",2020-11-04,"Chicago","Cases7d",1742.28571428571
"806",2020-11-05,"Chicago","Cases7d",1838.28571428571
"807",2020-11-06,"Chicago","Cases7d",1961.28571428571
"808",2020-11-07,"Chicago","Cases7d",2032
"809",2020-11-08,"Chicago","Cases7d",2085.42857142857
"810",2020-11-09,"Chicago","Cases7d",2201.14285714286
"811",2020-11-10,"Chicago","Cases7d",2368.85714285714
"812",2020-11-11,"Chicago","Cases7d",2357.71428571429
"813",2020-11-12,"Chicago","Cases7d",2403.42857142857
"814",2020-11-13,"Chicago","Cases7d",2390.42857142857
"815",2020-11-14,"Chicago","Cases7d",2366.85714285714
"816",2020-11-15,"Chicago","Cases7d",2326.28571428571
"817",2020-11-16,"Chicago","Cases7d",2242.28571428571
"818",2020-11-17,"Chicago","Cases7d",2118.42857142857
"819",2020-11-18,"Chicago","Cases7d",2104
"820",2020-11-19,"Chicago","Cases7d",1996
"821",2020-11-20,"Chicago","Cases7d",1946
"822",2020-11-21,"Chicago","Cases7d",1932
"823",2020-11-22,"Chicago","Cases7d",1927.57142857143
"824",2020-11-23,"Chicago","Cases7d",1897.57142857143
"825",2020-11-24,"Chicago","Cases7d",1821.85714285714
"826",2020-11-25,"Chicago","Cases7d",1743.42857142857
"827",2020-11-26,"Chicago","Cases7d",1481
"828",2020-11-27,"Chicago","Cases7d",1323.71428571429
"829",2020-11-28,"Chicago","Cases7d",1328.71428571429
"830",2020-11-29,"Chicago","Cases7d",1327.85714285714
"831",2020-11-30,"Chicago","Cases7d",1135.85714285714
"832",2020-12-01,"Chicago","Cases7d",922.285714285714
"833",2020-12-02,"Chicago","Cases7d",679
"834",NA,"Chicago","Cases7d",673.714285714286
"835",2020-03-01,"Chicago","Deaths7d",0
"836",2020-03-02,"Chicago","Deaths7d",0
"837",2020-03-03,"Chicago","Deaths7d",0
"838",2020-03-04,"Chicago","Deaths7d",0
"839",2020-03-05,"Chicago","Deaths7d",0
"840",2020-03-06,"Chicago","Deaths7d",0
"841",2020-03-07,"Chicago","Deaths7d",0
"842",2020-03-08,"Chicago","Deaths7d",0
"843",2020-03-09,"Chicago","Deaths7d",0
"844",2020-03-10,"Chicago","Deaths7d",0
"845",2020-03-11,"Chicago","Deaths7d",0
"846",2020-03-12,"Chicago","Deaths7d",0
"847",2020-03-13,"Chicago","Deaths7d",0
"848",2020-03-14,"Chicago","Deaths7d",0
"849",2020-03-15,"Chicago","Deaths7d",0
"850",2020-03-16,"Chicago","Deaths7d",0.142857142857143
"851",2020-03-17,"Chicago","Deaths7d",0.285714285714286
"852",2020-03-18,"Chicago","Deaths7d",0.428571428571429
"853",2020-03-19,"Chicago","Deaths7d",0.714285714285714
"854",2020-03-20,"Chicago","Deaths7d",0.714285714285714
"855",2020-03-21,"Chicago","Deaths7d",1
"856",2020-03-22,"Chicago","Deaths7d",1.28571428571429
"857",2020-03-23,"Chicago","Deaths7d",1.57142857142857
"858",2020-03-24,"Chicago","Deaths7d",1.71428571428571
"859",2020-03-25,"Chicago","Deaths7d",2.28571428571429
"860",2020-03-26,"Chicago","Deaths7d",2.28571428571429
"861",2020-03-27,"Chicago","Deaths7d",3.42857142857143
"862",2020-03-28,"Chicago","Deaths7d",3.71428571428571
"863",2020-03-29,"Chicago","Deaths7d",6.28571428571429
"864",2020-03-30,"Chicago","Deaths7d",7.57142857142857
"865",2020-03-31,"Chicago","Deaths7d",9.57142857142857
"866",2020-04-01,"Chicago","Deaths7d",12.2857142857143
"867",2020-04-02,"Chicago","Deaths7d",14.1428571428571
"868",2020-04-03,"Chicago","Deaths7d",16.4285714285714
"869",2020-04-04,"Chicago","Deaths7d",19
"870",2020-04-05,"Chicago","Deaths7d",19.8571428571429
"871",2020-04-06,"Chicago","Deaths7d",21.2857142857143
"872",2020-04-07,"Chicago","Deaths7d",22.4285714285714
"873",2020-04-08,"Chicago","Deaths7d",24.1428571428571
"874",2020-04-09,"Chicago","Deaths7d",25.5714285714286
"875",2020-04-10,"Chicago","Deaths7d",26.7142857142857
"876",2020-04-11,"Chicago","Deaths7d",28.2857142857143
"877",2020-04-12,"Chicago","Deaths7d",29.2857142857143
"878",2020-04-13,"Chicago","Deaths7d",30.8571428571429
"879",2020-04-14,"Chicago","Deaths7d",32.1428571428571
"880",2020-04-15,"Chicago","Deaths7d",31.4285714285714
"881",2020-04-16,"Chicago","Deaths7d",32.1428571428571
"882",2020-04-17,"Chicago","Deaths7d",33.7142857142857
"883",2020-04-18,"Chicago","Deaths7d",34.5714285714286
"884",2020-04-19,"Chicago","Deaths7d",34.8571428571429
"885",2020-04-20,"Chicago","Deaths7d",35.8571428571429
"886",2020-04-21,"Chicago","Deaths7d",36.2857142857143
"887",2020-04-22,"Chicago","Deaths7d",38.2857142857143
"888",2020-04-23,"Chicago","Deaths7d",39.1428571428571
"889",2020-04-24,"Chicago","Deaths7d",40.5714285714286
"890",2020-04-25,"Chicago","Deaths7d",40.4285714285714
"891",2020-04-26,"Chicago","Deaths7d",42.7142857142857
"892",2020-04-27,"Chicago","Deaths7d",42
"893",2020-04-28,"Chicago","Deaths7d",44.8571428571429
"894",2020-04-29,"Chicago","Deaths7d",44.4285714285714
"895",2020-04-30,"Chicago","Deaths7d",45
"896",2020-05-01,"Chicago","Deaths7d",43
"897",2020-05-02,"Chicago","Deaths7d",44.7142857142857
"898",2020-05-03,"Chicago","Deaths7d",43.8571428571429
"899",2020-05-04,"Chicago","Deaths7d",45.7142857142857
"900",2020-05-05,"Chicago","Deaths7d",45.8571428571429
"901",2020-05-06,"Chicago","Deaths7d",46
"902",2020-05-07,"Chicago","Deaths7d",47.2857142857143
"903",2020-05-08,"Chicago","Deaths7d",48
"904",2020-05-09,"Chicago","Deaths7d",48.2857142857143
"905",2020-05-10,"Chicago","Deaths7d",47.4285714285714
"906",2020-05-11,"Chicago","Deaths7d",46
"907",2020-05-12,"Chicago","Deaths7d",44.4285714285714
"908",2020-05-13,"Chicago","Deaths7d",44.7142857142857
"909",2020-05-14,"Chicago","Deaths7d",44.1428571428571
"910",2020-05-15,"Chicago","Deaths7d",44.7142857142857
"911",2020-05-16,"Chicago","Deaths7d",41.2857142857143
"912",2020-05-17,"Chicago","Deaths7d",41.5714285714286
"913",2020-05-18,"Chicago","Deaths7d",40.8571428571429
"914",2020-05-19,"Chicago","Deaths7d",38.1428571428571
"915",2020-05-20,"Chicago","Deaths7d",35.8571428571429
"916",2020-05-21,"Chicago","Deaths7d",34.2857142857143
"917",2020-05-22,"Chicago","Deaths7d",32.5714285714286
"918",2020-05-23,"Chicago","Deaths7d",32.8571428571429
"919",2020-05-24,"Chicago","Deaths7d",30.8571428571429
"920",2020-05-25,"Chicago","Deaths7d",29.4285714285714
"921",2020-05-26,"Chicago","Deaths7d",28.8571428571429
"922",2020-05-27,"Chicago","Deaths7d",28.4285714285714
"923",2020-05-28,"Chicago","Deaths7d",26.7142857142857
"924",2020-05-29,"Chicago","Deaths7d",24.4285714285714
"925",2020-05-30,"Chicago","Deaths7d",23.1428571428571
"926",2020-05-31,"Chicago","Deaths7d",22.4285714285714
"927",2020-06-01,"Chicago","Deaths7d",22.1428571428571
"928",2020-06-02,"Chicago","Deaths7d",22.4285714285714
"929",2020-06-03,"Chicago","Deaths7d",21.7142857142857
"930",2020-06-04,"Chicago","Deaths7d",20.7142857142857
"931",2020-06-05,"Chicago","Deaths7d",20.2857142857143
"932",2020-06-06,"Chicago","Deaths7d",20.1428571428571
"933",2020-06-07,"Chicago","Deaths7d",19.8571428571429
"934",2020-06-08,"Chicago","Deaths7d",19
"935",2020-06-09,"Chicago","Deaths7d",18.7142857142857
"936",2020-06-10,"Chicago","Deaths7d",17.4285714285714
"937",2020-06-11,"Chicago","Deaths7d",16.7142857142857
"938",2020-06-12,"Chicago","Deaths7d",17.2857142857143
"939",2020-06-13,"Chicago","Deaths7d",17
"940",2020-06-14,"Chicago","Deaths7d",15.8571428571429
"941",2020-06-15,"Chicago","Deaths7d",16.5714285714286
"942",2020-06-16,"Chicago","Deaths7d",14.8571428571429
"943",2020-06-17,"Chicago","Deaths7d",16.1428571428571
"944",2020-06-18,"Chicago","Deaths7d",16.7142857142857
"945",2020-06-19,"Chicago","Deaths7d",15.8571428571429
"946",2020-06-20,"Chicago","Deaths7d",14.7142857142857
"947",2020-06-21,"Chicago","Deaths7d",14.5714285714286
"948",2020-06-22,"Chicago","Deaths7d",13
"949",2020-06-23,"Chicago","Deaths7d",12.5714285714286
"950",2020-06-24,"Chicago","Deaths7d",10.8571428571429
"951",2020-06-25,"Chicago","Deaths7d",10.4285714285714
"952",2020-06-26,"Chicago","Deaths7d",10.1428571428571
"953",2020-06-27,"Chicago","Deaths7d",9.42857142857143
"954",2020-06-28,"Chicago","Deaths7d",8.57142857142857
"955",2020-06-29,"Chicago","Deaths7d",8.28571428571429
"956",2020-06-30,"Chicago","Deaths7d",7.57142857142857
"957",2020-07-01,"Chicago","Deaths7d",8.14285714285714
"958",2020-07-02,"Chicago","Deaths7d",7.42857142857143
"959",2020-07-03,"Chicago","Deaths7d",6.28571428571429
"960",2020-07-04,"Chicago","Deaths7d",6.28571428571429
"961",2020-07-05,"Chicago","Deaths7d",6
"962",2020-07-06,"Chicago","Deaths7d",5.71428571428571
"963",2020-07-07,"Chicago","Deaths7d",5.85714285714286
"964",2020-07-08,"Chicago","Deaths7d",4.57142857142857
"965",2020-07-09,"Chicago","Deaths7d",4.71428571428571
"966",2020-07-10,"Chicago","Deaths7d",4.85714285714286
"967",2020-07-11,"Chicago","Deaths7d",4.42857142857143
"968",2020-07-12,"Chicago","Deaths7d",4.57142857142857
"969",2020-07-13,"Chicago","Deaths7d",4.28571428571429
"970",2020-07-14,"Chicago","Deaths7d",4.14285714285714
"971",2020-07-15,"Chicago","Deaths7d",4.57142857142857
"972",2020-07-16,"Chicago","Deaths7d",3.85714285714286
"973",2020-07-17,"Chicago","Deaths7d",3.42857142857143
"974",2020-07-18,"Chicago","Deaths7d",3.71428571428571
"975",2020-07-19,"Chicago","Deaths7d",3.42857142857143
"976",2020-07-20,"Chicago","Deaths7d",3.71428571428571
"977",2020-07-21,"Chicago","Deaths7d",3.42857142857143
"978",2020-07-22,"Chicago","Deaths7d",3
"979",2020-07-23,"Chicago","Deaths7d",3.14285714285714
"980",2020-07-24,"Chicago","Deaths7d",3.14285714285714
"981",2020-07-25,"Chicago","Deaths7d",3.71428571428571
"982",2020-07-26,"Chicago","Deaths7d",4.28571428571429
"983",2020-07-27,"Chicago","Deaths7d",3.71428571428571
"984",2020-07-28,"Chicago","Deaths7d",4
"985",2020-07-29,"Chicago","Deaths7d",3.85714285714286
"986",2020-07-30,"Chicago","Deaths7d",3.71428571428571
"987",2020-07-31,"Chicago","Deaths7d",3.57142857142857
"988",2020-08-01,"Chicago","Deaths7d",3.14285714285714
"989",2020-08-02,"Chicago","Deaths7d",2.71428571428571
"990",2020-08-03,"Chicago","Deaths7d",3
"991",2020-08-04,"Chicago","Deaths7d",2.85714285714286
"992",2020-08-05,"Chicago","Deaths7d",3
"993",2020-08-06,"Chicago","Deaths7d",3.28571428571429
"994",2020-08-07,"Chicago","Deaths7d",3.28571428571429
"995",2020-08-08,"Chicago","Deaths7d",3
"996",2020-08-09,"Chicago","Deaths7d",2.85714285714286
"997",2020-08-10,"Chicago","Deaths7d",2.71428571428571
"998",2020-08-11,"Chicago","Deaths7d",3
"999",2020-08-12,"Chicago","Deaths7d",2.71428571428571
"1000",2020-08-13,"Chicago","Deaths7d",2.71428571428571
"1001",2020-08-14,"Chicago","Deaths7d",2.85714285714286
"1002",2020-08-15,"Chicago","Deaths7d",3.14285714285714
"1003",2020-08-16,"Chicago","Deaths7d",3.28571428571429
"1004",2020-08-17,"Chicago","Deaths7d",3.42857142857143
"1005",2020-08-18,"Chicago","Deaths7d",3
"1006",2020-08-19,"Chicago","Deaths7d",3.42857142857143
"1007",2020-08-20,"Chicago","Deaths7d",3.28571428571429
"1008",2020-08-21,"Chicago","Deaths7d",3.57142857142857
"1009",2020-08-22,"Chicago","Deaths7d",3.14285714285714
"1010",2020-08-23,"Chicago","Deaths7d",2.85714285714286
"1011",2020-08-24,"Chicago","Deaths7d",2.85714285714286
"1012",2020-08-25,"Chicago","Deaths7d",3.28571428571429
"1013",2020-08-26,"Chicago","Deaths7d",3
"1014",2020-08-27,"Chicago","Deaths7d",2.85714285714286
"1015",2020-08-28,"Chicago","Deaths7d",2.71428571428571
"1016",2020-08-29,"Chicago","Deaths7d",3
"1017",2020-08-30,"Chicago","Deaths7d",3.42857142857143
"1018",2020-08-31,"Chicago","Deaths7d",3.28571428571429
"1019",2020-09-01,"Chicago","Deaths7d",3.14285714285714
"1020",2020-09-02,"Chicago","Deaths7d",3.14285714285714
"1021",2020-09-03,"Chicago","Deaths7d",3.28571428571429
"1022",2020-09-04,"Chicago","Deaths7d",3
"1023",2020-09-05,"Chicago","Deaths7d",3
"1024",2020-09-06,"Chicago","Deaths7d",2.71428571428571
"1025",2020-09-07,"Chicago","Deaths7d",2.57142857142857
"1026",2020-09-08,"Chicago","Deaths7d",2.28571428571429
"1027",2020-09-09,"Chicago","Deaths7d",2.57142857142857
"1028",2020-09-10,"Chicago","Deaths7d",2.42857142857143
"1029",2020-09-11,"Chicago","Deaths7d",2.85714285714286
"1030",2020-09-12,"Chicago","Deaths7d",2.28571428571429
"1031",2020-09-13,"Chicago","Deaths7d",2.42857142857143
"1032",2020-09-14,"Chicago","Deaths7d",2.71428571428571
"1033",2020-09-15,"Chicago","Deaths7d",2.71428571428571
"1034",2020-09-16,"Chicago","Deaths7d",2.57142857142857
"1035",2020-09-17,"Chicago","Deaths7d",2.28571428571429
"1036",2020-09-18,"Chicago","Deaths7d",2.14285714285714
"1037",2020-09-19,"Chicago","Deaths7d",2.42857142857143
"1038",2020-09-20,"Chicago","Deaths7d",2.85714285714286
"1039",2020-09-21,"Chicago","Deaths7d",2.71428571428571
"1040",2020-09-22,"Chicago","Deaths7d",2.85714285714286
"1041",2020-09-23,"Chicago","Deaths7d",3.14285714285714
"1042",2020-09-24,"Chicago","Deaths7d",3.85714285714286
"1043",2020-09-25,"Chicago","Deaths7d",3.71428571428571
"1044",2020-09-26,"Chicago","Deaths7d",4
"1045",2020-09-27,"Chicago","Deaths7d",3.28571428571429
"1046",2020-09-28,"Chicago","Deaths7d",3.28571428571429
"1047",2020-09-29,"Chicago","Deaths7d",3.85714285714286
"1048",2020-09-30,"Chicago","Deaths7d",3.28571428571429
"1049",2020-10-01,"Chicago","Deaths7d",3.14285714285714
"1050",2020-10-02,"Chicago","Deaths7d",3.14285714285714
"1051",2020-10-03,"Chicago","Deaths7d",3.14285714285714
"1052",2020-10-04,"Chicago","Deaths7d",3.71428571428571
"1053",2020-10-05,"Chicago","Deaths7d",3.85714285714286
"1054",2020-10-06,"Chicago","Deaths7d",3.28571428571429
"1055",2020-10-07,"Chicago","Deaths7d",3.14285714285714
"1056",2020-10-08,"Chicago","Deaths7d",3
"1057",2020-10-09,"Chicago","Deaths7d",3.14285714285714
"1058",2020-10-10,"Chicago","Deaths7d",3.28571428571429
"1059",2020-10-11,"Chicago","Deaths7d",3.14285714285714
"1060",2020-10-12,"Chicago","Deaths7d",3.28571428571429
"1061",2020-10-13,"Chicago","Deaths7d",3.71428571428571
"1062",2020-10-14,"Chicago","Deaths7d",4
"1063",2020-10-15,"Chicago","Deaths7d",3.85714285714286
"1064",2020-10-16,"Chicago","Deaths7d",3.71428571428571
"1065",2020-10-17,"Chicago","Deaths7d",3.71428571428571
"1066",2020-10-18,"Chicago","Deaths7d",3.28571428571429
"1067",2020-10-19,"Chicago","Deaths7d",3.28571428571429
"1068",2020-10-20,"Chicago","Deaths7d",3.28571428571429
"1069",2020-10-21,"Chicago","Deaths7d",3.71428571428571
"1070",2020-10-22,"Chicago","Deaths7d",4
"1071",2020-10-23,"Chicago","Deaths7d",4.14285714285714
"1072",2020-10-24,"Chicago","Deaths7d",4.14285714285714
"1073",2020-10-25,"Chicago","Deaths7d",5.28571428571429
"1074",2020-10-26,"Chicago","Deaths7d",5.85714285714286
"1075",2020-10-27,"Chicago","Deaths7d",5.71428571428571
"1076",2020-10-28,"Chicago","Deaths7d",5.85714285714286
"1077",2020-10-29,"Chicago","Deaths7d",5.85714285714286
"1078",2020-10-30,"Chicago","Deaths7d",5.85714285714286
"1079",2020-10-31,"Chicago","Deaths7d",6.57142857142857
"1080",2020-11-01,"Chicago","Deaths7d",6
"1081",2020-11-02,"Chicago","Deaths7d",7
"1082",2020-11-03,"Chicago","Deaths7d",8.28571428571429
"1083",2020-11-04,"Chicago","Deaths7d",8.42857142857143
"1084",2020-11-05,"Chicago","Deaths7d",8.71428571428571
"1085",2020-11-06,"Chicago","Deaths7d",9.57142857142857
"1086",2020-11-07,"Chicago","Deaths7d",9.85714285714286
"1087",2020-11-08,"Chicago","Deaths7d",10.5714285714286
"1088",2020-11-09,"Chicago","Deaths7d",10.2857142857143
"1089",2020-11-10,"Chicago","Deaths7d",10.2857142857143
"1090",2020-11-11,"Chicago","Deaths7d",10.2857142857143
"1091",2020-11-12,"Chicago","Deaths7d",11.8571428571429
"1092",2020-11-13,"Chicago","Deaths7d",12.8571428571429
"1093",2020-11-14,"Chicago","Deaths7d",13.4285714285714
"1094",2020-11-15,"Chicago","Deaths7d",13.4285714285714
"1095",2020-11-16,"Chicago","Deaths7d",14.5714285714286
"1096",2020-11-17,"Chicago","Deaths7d",15
"1097",2020-11-18,"Chicago","Deaths7d",16.2857142857143
"1098",2020-11-19,"Chicago","Deaths7d",16.1428571428571
"1099",2020-11-20,"Chicago","Deaths7d",17.2857142857143
"1100",2020-11-21,"Chicago","Deaths7d",17.5714285714286
"1101",2020-11-22,"Chicago","Deaths7d",17.7142857142857
"1102",2020-11-23,"Chicago","Deaths7d",17.1428571428571
"1103",2020-11-24,"Chicago","Deaths7d",16.2857142857143
"1104",2020-11-25,"Chicago","Deaths7d",15.7142857142857
"1105",2020-11-26,"Chicago","Deaths7d",15.4285714285714
"1106",2020-11-27,"Chicago","Deaths7d",13.5714285714286
"1107",2020-11-28,"Chicago","Deaths7d",12.8571428571429
"1108",2020-11-29,"Chicago","Deaths7d",13
"1109",2020-11-30,"Chicago","Deaths7d",11
"1110",2020-12-01,"Chicago","Deaths7d",9.57142857142857
"1111",2020-12-02,"Chicago","Deaths7d",7.71428571428571
"1112",NA,"Chicago","Deaths7d",5.71428571428571
"1113",2020-03-01,"Chicago","Casescm",0
"1114",2020-03-02,"Chicago","Casescm",0
"1115",2020-03-03,"Chicago","Casescm",0
"1116",2020-03-04,"Chicago","Casescm",0
"1117",2020-03-05,"Chicago","Casescm",1
"1118",2020-03-06,"Chicago","Casescm",4
"1119",2020-03-07,"Chicago","Casescm",7
"1120",2020-03-08,"Chicago","Casescm",10
"1121",2020-03-09,"Chicago","Casescm",15
"1122",2020-03-10,"Chicago","Casescm",26
"1123",2020-03-11,"Chicago","Casescm",38
"1124",2020-03-12,"Chicago","Casescm",59
"1125",2020-03-13,"Chicago","Casescm",91
"1126",2020-03-14,"Chicago","Casescm",122
"1127",2020-03-15,"Chicago","Casescm",162
"1128",2020-03-16,"Chicago","Casescm",240
"1129",2020-03-17,"Chicago","Casescm",336
"1130",2020-03-18,"Chicago","Casescm",498
"1131",2020-03-19,"Chicago","Casescm",682
"1132",2020-03-20,"Chicago","Casescm",837
"1133",2020-03-21,"Chicago","Casescm",962
"1134",2020-03-22,"Chicago","Casescm",1130
"1135",2020-03-23,"Chicago","Casescm",1421
"1136",2020-03-24,"Chicago","Casescm",1771
"1137",2020-03-25,"Chicago","Casescm",2138
"1138",2020-03-26,"Chicago","Casescm",2551
"1139",2020-03-27,"Chicago","Casescm",2955
"1140",2020-03-28,"Chicago","Casescm",3204
"1141",2020-03-29,"Chicago","Casescm",3486
"1142",2020-03-30,"Chicago","Casescm",3925
"1143",2020-03-31,"Chicago","Casescm",4413
"1144",2020-04-01,"Chicago","Casescm",4872
"1145",2020-04-02,"Chicago","Casescm",5310
"1146",2020-04-03,"Chicago","Casescm",5777
"1147",2020-04-04,"Chicago","Casescm",6103
"1148",2020-04-05,"Chicago","Casescm",6395
"1149",2020-04-06,"Chicago","Casescm",6978
"1150",2020-04-07,"Chicago","Casescm",7533
"1151",2020-04-08,"Chicago","Casescm",8237
"1152",2020-04-09,"Chicago","Casescm",8814
"1153",2020-04-10,"Chicago","Casescm",9385
"1154",2020-04-11,"Chicago","Casescm",9783
"1155",2020-04-12,"Chicago","Casescm",10124
"1156",2020-04-13,"Chicago","Casescm",10816
"1157",2020-04-14,"Chicago","Casescm",11480
"1158",2020-04-15,"Chicago","Casescm",12108
"1159",2020-04-16,"Chicago","Casescm",12788
"1160",2020-04-17,"Chicago","Casescm",13561
"1161",2020-04-18,"Chicago","Casescm",14096
"1162",2020-04-19,"Chicago","Casescm",14555
"1163",2020-04-20,"Chicago","Casescm",15545
"1164",2020-04-21,"Chicago","Casescm",16415
"1165",2020-04-22,"Chicago","Casescm",17471
"1166",2020-04-23,"Chicago","Casescm",18937
"1167",2020-04-24,"Chicago","Casescm",20013
"1168",2020-04-25,"Chicago","Casescm",20647
"1169",2020-04-26,"Chicago","Casescm",21081
"1170",2020-04-27,"Chicago","Casescm",22237
"1171",2020-04-28,"Chicago","Casescm",23560
"1172",2020-04-29,"Chicago","Casescm",24712
"1173",2020-04-30,"Chicago","Casescm",25982
"1174",2020-05-01,"Chicago","Casescm",27150
"1175",2020-05-02,"Chicago","Casescm",27867
"1176",2020-05-03,"Chicago","Casescm",28333
"1177",2020-05-04,"Chicago","Casescm",29453
"1178",2020-05-05,"Chicago","Casescm",30544
"1179",2020-05-06,"Chicago","Casescm",31518
"1180",2020-05-07,"Chicago","Casescm",32457
"1181",2020-05-08,"Chicago","Casescm",33381
"1182",2020-05-09,"Chicago","Casescm",33902
"1183",2020-05-10,"Chicago","Casescm",34209
"1184",2020-05-11,"Chicago","Casescm",35223
"1185",2020-05-12,"Chicago","Casescm",36165
"1186",2020-05-13,"Chicago","Casescm",37041
"1187",2020-05-14,"Chicago","Casescm",37817
"1188",2020-05-15,"Chicago","Casescm",38789
"1189",2020-05-16,"Chicago","Casescm",39305
"1190",2020-05-17,"Chicago","Casescm",39631
"1191",2020-05-18,"Chicago","Casescm",40576
"1192",2020-05-19,"Chicago","Casescm",41467
"1193",2020-05-20,"Chicago","Casescm",42237
"1194",2020-05-21,"Chicago","Casescm",43041
"1195",2020-05-22,"Chicago","Casescm",43766
"1196",2020-05-23,"Chicago","Casescm",44095
"1197",2020-05-24,"Chicago","Casescm",44375
"1198",2020-05-25,"Chicago","Casescm",44627
"1199",2020-05-26,"Chicago","Casescm",45382
"1200",2020-05-27,"Chicago","Casescm",45993
"1201",2020-05-28,"Chicago","Casescm",46514
"1202",2020-05-29,"Chicago","Casescm",46974
"1203",2020-05-30,"Chicago","Casescm",47213
"1204",2020-05-31,"Chicago","Casescm",47334
"1205",2020-06-01,"Chicago","Casescm",47570
"1206",2020-06-02,"Chicago","Casescm",47816
"1207",2020-06-03,"Chicago","Casescm",48095
"1208",2020-06-04,"Chicago","Casescm",48414
"1209",2020-06-05,"Chicago","Casescm",48753
"1210",2020-06-06,"Chicago","Casescm",48923
"1211",2020-06-07,"Chicago","Casescm",49033
"1212",2020-06-08,"Chicago","Casescm",49307
"1213",2020-06-09,"Chicago","Casescm",49561
"1214",2020-06-10,"Chicago","Casescm",49795
"1215",2020-06-11,"Chicago","Casescm",49996
"1216",2020-06-12,"Chicago","Casescm",50243
"1217",2020-06-13,"Chicago","Casescm",50364
"1218",2020-06-14,"Chicago","Casescm",50456
"1219",2020-06-15,"Chicago","Casescm",50691
"1220",2020-06-16,"Chicago","Casescm",50903
"1221",2020-06-17,"Chicago","Casescm",51122
"1222",2020-06-18,"Chicago","Casescm",51306
"1223",2020-06-19,"Chicago","Casescm",51525
"1224",2020-06-20,"Chicago","Casescm",51649
"1225",2020-06-21,"Chicago","Casescm",51696
"1226",2020-06-22,"Chicago","Casescm",51914
"1227",2020-06-23,"Chicago","Casescm",52146
"1228",2020-06-24,"Chicago","Casescm",52389
"1229",2020-06-25,"Chicago","Casescm",52637
"1230",2020-06-26,"Chicago","Casescm",52855
"1231",2020-06-27,"Chicago","Casescm",52985
"1232",2020-06-28,"Chicago","Casescm",53095
"1233",2020-06-29,"Chicago","Casescm",53375
"1234",2020-06-30,"Chicago","Casescm",53640
"1235",2020-07-01,"Chicago","Casescm",53902
"1236",2020-07-02,"Chicago","Casescm",54156
"1237",2020-07-03,"Chicago","Casescm",54331
"1238",2020-07-04,"Chicago","Casescm",54394
"1239",2020-07-05,"Chicago","Casescm",54483
"1240",2020-07-06,"Chicago","Casescm",54767
"1241",2020-07-07,"Chicago","Casescm",55110
"1242",2020-07-08,"Chicago","Casescm",55419
"1243",2020-07-09,"Chicago","Casescm",55706
"1244",2020-07-10,"Chicago","Casescm",56051
"1245",2020-07-11,"Chicago","Casescm",56206
"1246",2020-07-12,"Chicago","Casescm",56302
"1247",2020-07-13,"Chicago","Casescm",56639
"1248",2020-07-14,"Chicago","Casescm",56962
"1249",2020-07-15,"Chicago","Casescm",57229
"1250",2020-07-16,"Chicago","Casescm",57524
"1251",2020-07-17,"Chicago","Casescm",57849
"1252",2020-07-18,"Chicago","Casescm",57982
"1253",2020-07-19,"Chicago","Casescm",58081
"1254",2020-07-20,"Chicago","Casescm",58473
"1255",2020-07-21,"Chicago","Casescm",58760
"1256",2020-07-22,"Chicago","Casescm",59124
"1257",2020-07-23,"Chicago","Casescm",59440
"1258",2020-07-24,"Chicago","Casescm",59787
"1259",2020-07-25,"Chicago","Casescm",59944
"1260",2020-07-26,"Chicago","Casescm",60040
"1261",2020-07-27,"Chicago","Casescm",60401
"1262",2020-07-28,"Chicago","Casescm",60733
"1263",2020-07-29,"Chicago","Casescm",61176
"1264",2020-07-30,"Chicago","Casescm",61516
"1265",2020-07-31,"Chicago","Casescm",61907
"1266",2020-08-01,"Chicago","Casescm",62047
"1267",2020-08-02,"Chicago","Casescm",62142
"1268",2020-08-03,"Chicago","Casescm",62567
"1269",2020-08-04,"Chicago","Casescm",62928
"1270",2020-08-05,"Chicago","Casescm",63305
"1271",2020-08-06,"Chicago","Casescm",63653
"1272",2020-08-07,"Chicago","Casescm",64069
"1273",2020-08-08,"Chicago","Casescm",64246
"1274",2020-08-09,"Chicago","Casescm",64361
"1275",2020-08-10,"Chicago","Casescm",64738
"1276",2020-08-11,"Chicago","Casescm",65125
"1277",2020-08-12,"Chicago","Casescm",65554
"1278",2020-08-13,"Chicago","Casescm",65945
"1279",2020-08-14,"Chicago","Casescm",66288
"1280",2020-08-15,"Chicago","Casescm",66509
"1281",2020-08-16,"Chicago","Casescm",66630
"1282",2020-08-17,"Chicago","Casescm",67121
"1283",2020-08-18,"Chicago","Casescm",67513
"1284",2020-08-19,"Chicago","Casescm",67981
"1285",2020-08-20,"Chicago","Casescm",68379
"1286",2020-08-21,"Chicago","Casescm",68793
"1287",2020-08-22,"Chicago","Casescm",68976
"1288",2020-08-23,"Chicago","Casescm",69093
"1289",2020-08-24,"Chicago","Casescm",69621
"1290",2020-08-25,"Chicago","Casescm",70018
"1291",2020-08-26,"Chicago","Casescm",70398
"1292",2020-08-27,"Chicago","Casescm",70771
"1293",2020-08-28,"Chicago","Casescm",71148
"1294",2020-08-29,"Chicago","Casescm",71375
"1295",2020-08-30,"Chicago","Casescm",71475
"1296",2020-08-31,"Chicago","Casescm",71880
"1297",2020-09-01,"Chicago","Casescm",72210
"1298",2020-09-02,"Chicago","Casescm",72609
"1299",2020-09-03,"Chicago","Casescm",72942
"1300",2020-09-04,"Chicago","Casescm",73326
"1301",2020-09-05,"Chicago","Casescm",73524
"1302",2020-09-06,"Chicago","Casescm",73665
"1303",2020-09-07,"Chicago","Casescm",73737
"1304",2020-09-08,"Chicago","Casescm",74102
"1305",2020-09-09,"Chicago","Casescm",74502
"1306",2020-09-10,"Chicago","Casescm",74823
"1307",2020-09-11,"Chicago","Casescm",75157
"1308",2020-09-12,"Chicago","Casescm",75290
"1309",2020-09-13,"Chicago","Casescm",75412
"1310",2020-09-14,"Chicago","Casescm",75836
"1311",2020-09-15,"Chicago","Casescm",76183
"1312",2020-09-16,"Chicago","Casescm",76545
"1313",2020-09-17,"Chicago","Casescm",76929
"1314",2020-09-18,"Chicago","Casescm",77265
"1315",2020-09-19,"Chicago","Casescm",77432
"1316",2020-09-20,"Chicago","Casescm",77532
"1317",2020-09-21,"Chicago","Casescm",77943
"1318",2020-09-22,"Chicago","Casescm",78274
"1319",2020-09-23,"Chicago","Casescm",78652
"1320",2020-09-24,"Chicago","Casescm",79051
"1321",2020-09-25,"Chicago","Casescm",79419
"1322",2020-09-26,"Chicago","Casescm",79648
"1323",2020-09-27,"Chicago","Casescm",79800
"1324",2020-09-28,"Chicago","Casescm",80215
"1325",2020-09-29,"Chicago","Casescm",80589
"1326",2020-09-30,"Chicago","Casescm",81036
"1327",2020-10-01,"Chicago","Casescm",81388
"1328",2020-10-02,"Chicago","Casescm",81785
"1329",2020-10-03,"Chicago","Casescm",81999
"1330",2020-10-04,"Chicago","Casescm",82143
"1331",2020-10-05,"Chicago","Casescm",82683
"1332",2020-10-06,"Chicago","Casescm",83225
"1333",2020-10-07,"Chicago","Casescm",83753
"1334",2020-10-08,"Chicago","Casescm",84338
"1335",2020-10-09,"Chicago","Casescm",84990
"1336",2020-10-10,"Chicago","Casescm",85411
"1337",2020-10-11,"Chicago","Casescm",85699
"1338",2020-10-12,"Chicago","Casescm",86365
"1339",2020-10-13,"Chicago","Casescm",87230
"1340",2020-10-14,"Chicago","Casescm",88069
"1341",2020-10-15,"Chicago","Casescm",88922
"1342",2020-10-16,"Chicago","Casescm",89858
"1343",2020-10-17,"Chicago","Casescm",90389
"1344",2020-10-18,"Chicago","Casescm",90721
"1345",2020-10-19,"Chicago","Casescm",91875
"1346",2020-10-20,"Chicago","Casescm",93055
"1347",2020-10-21,"Chicago","Casescm",94203
"1348",2020-10-22,"Chicago","Casescm",95476
"1349",2020-10-23,"Chicago","Casescm",96471
"1350",2020-10-24,"Chicago","Casescm",97335
"1351",2020-10-25,"Chicago","Casescm",97852
"1352",2020-10-26,"Chicago","Casescm",99384
"1353",2020-10-27,"Chicago","Casescm",100962
"1354",2020-10-28,"Chicago","Casescm",102667
"1355",2020-10-29,"Chicago","Casescm",104507
"1356",2020-10-30,"Chicago","Casescm",106344
"1357",2020-10-31,"Chicago","Casescm",107365
"1358",2020-11-01,"Chicago","Casescm",108072
"1359",2020-11-02,"Chicago","Casescm",110354
"1360",2020-11-03,"Chicago","Casescm",112422
"1361",2020-11-04,"Chicago","Casescm",114863
"1362",2020-11-05,"Chicago","Casescm",117375
"1363",2020-11-06,"Chicago","Casescm",120073
"1364",2020-11-07,"Chicago","Casescm",121589
"1365",2020-11-08,"Chicago","Casescm",122670
"1366",2020-11-09,"Chicago","Casescm",125762
"1367",2020-11-10,"Chicago","Casescm",129004
"1368",2020-11-11,"Chicago","Casescm",131367
"1369",2020-11-12,"Chicago","Casescm",134199
"1370",2020-11-13,"Chicago","Casescm",136806
"1371",2020-11-14,"Chicago","Casescm",138157
"1372",2020-11-15,"Chicago","Casescm",138954
"1373",2020-11-16,"Chicago","Casescm",141458
"1374",2020-11-17,"Chicago","Casescm",143833
"1375",2020-11-18,"Chicago","Casescm",146095
"1376",2020-11-19,"Chicago","Casescm",148171
"1377",2020-11-20,"Chicago","Casescm",150428
"1378",2020-11-21,"Chicago","Casescm",151681
"1379",2020-11-22,"Chicago","Casescm",152447
"1380",2020-11-23,"Chicago","Casescm",154741
"1381",2020-11-24,"Chicago","Casescm",156586
"1382",2020-11-25,"Chicago","Casescm",158299
"1383",2020-11-26,"Chicago","Casescm",158538
"1384",2020-11-27,"Chicago","Casescm",159694
"1385",2020-11-28,"Chicago","Casescm",160982
"1386",2020-11-29,"Chicago","Casescm",161742
"1387",2020-11-30,"Chicago","Casescm",162692
"1388",2020-12-01,"Chicago","Casescm",163042
"1389",2020-12-02,"Chicago","Casescm",163052
"1390",NA,"Chicago","Casescm",163254
"1391",2020-03-01,"Chicago","Deathscm",0
"1392",2020-03-02,"Chicago","Deathscm",0
"1393",2020-03-03,"Chicago","Deathscm",0
"1394",2020-03-04,"Chicago","Deathscm",0
"1395",2020-03-05,"Chicago","Deathscm",0
"1396",2020-03-06,"Chicago","Deathscm",0
"1397",2020-03-07,"Chicago","Deathscm",0
"1398",2020-03-08,"Chicago","Deathscm",0
"1399",2020-03-09,"Chicago","Deathscm",0
"1400",2020-03-10,"Chicago","Deathscm",0
"1401",2020-03-11,"Chicago","Deathscm",0
"1402",2020-03-12,"Chicago","Deathscm",0
"1403",2020-03-13,"Chicago","Deathscm",0
"1404",2020-03-14,"Chicago","Deathscm",0
"1405",2020-03-15,"Chicago","Deathscm",0
"1406",2020-03-16,"Chicago","Deathscm",1
"1407",2020-03-17,"Chicago","Deathscm",2
"1408",2020-03-18,"Chicago","Deathscm",3
"1409",2020-03-19,"Chicago","Deathscm",5
"1410",2020-03-20,"Chicago","Deathscm",5
"1411",2020-03-21,"Chicago","Deathscm",7
"1412",2020-03-22,"Chicago","Deathscm",9
"1413",2020-03-23,"Chicago","Deathscm",12
"1414",2020-03-24,"Chicago","Deathscm",14
"1415",2020-03-25,"Chicago","Deathscm",19
"1416",2020-03-26,"Chicago","Deathscm",21
"1417",2020-03-27,"Chicago","Deathscm",29
"1418",2020-03-28,"Chicago","Deathscm",33
"1419",2020-03-29,"Chicago","Deathscm",53
"1420",2020-03-30,"Chicago","Deathscm",65
"1421",2020-03-31,"Chicago","Deathscm",81
"1422",2020-04-01,"Chicago","Deathscm",105
"1423",2020-04-02,"Chicago","Deathscm",120
"1424",2020-04-03,"Chicago","Deathscm",144
"1425",2020-04-04,"Chicago","Deathscm",166
"1426",2020-04-05,"Chicago","Deathscm",192
"1427",2020-04-06,"Chicago","Deathscm",214
"1428",2020-04-07,"Chicago","Deathscm",238
"1429",2020-04-08,"Chicago","Deathscm",274
"1430",2020-04-09,"Chicago","Deathscm",299
"1431",2020-04-10,"Chicago","Deathscm",331
"1432",2020-04-11,"Chicago","Deathscm",364
"1433",2020-04-12,"Chicago","Deathscm",397
"1434",2020-04-13,"Chicago","Deathscm",430
"1435",2020-04-14,"Chicago","Deathscm",463
"1436",2020-04-15,"Chicago","Deathscm",494
"1437",2020-04-16,"Chicago","Deathscm",524
"1438",2020-04-17,"Chicago","Deathscm",567
"1439",2020-04-18,"Chicago","Deathscm",606
"1440",2020-04-19,"Chicago","Deathscm",641
"1441",2020-04-20,"Chicago","Deathscm",681
"1442",2020-04-21,"Chicago","Deathscm",717
"1443",2020-04-22,"Chicago","Deathscm",762
"1444",2020-04-23,"Chicago","Deathscm",798
"1445",2020-04-24,"Chicago","Deathscm",851
"1446",2020-04-25,"Chicago","Deathscm",889
"1447",2020-04-26,"Chicago","Deathscm",940
"1448",2020-04-27,"Chicago","Deathscm",975
"1449",2020-04-28,"Chicago","Deathscm",1031
"1450",2020-04-29,"Chicago","Deathscm",1073
"1451",2020-04-30,"Chicago","Deathscm",1113
"1452",2020-05-01,"Chicago","Deathscm",1152
"1453",2020-05-02,"Chicago","Deathscm",1202
"1454",2020-05-03,"Chicago","Deathscm",1247
"1455",2020-05-04,"Chicago","Deathscm",1295
"1456",2020-05-05,"Chicago","Deathscm",1352
"1457",2020-05-06,"Chicago","Deathscm",1395
"1458",2020-05-07,"Chicago","Deathscm",1444
"1459",2020-05-08,"Chicago","Deathscm",1488
"1460",2020-05-09,"Chicago","Deathscm",1540
"1461",2020-05-10,"Chicago","Deathscm",1579
"1462",2020-05-11,"Chicago","Deathscm",1617
"1463",2020-05-12,"Chicago","Deathscm",1663
"1464",2020-05-13,"Chicago","Deathscm",1708
"1465",2020-05-14,"Chicago","Deathscm",1753
"1466",2020-05-15,"Chicago","Deathscm",1801
"1467",2020-05-16,"Chicago","Deathscm",1829
"1468",2020-05-17,"Chicago","Deathscm",1870
"1469",2020-05-18,"Chicago","Deathscm",1903
"1470",2020-05-19,"Chicago","Deathscm",1930
"1471",2020-05-20,"Chicago","Deathscm",1959
"1472",2020-05-21,"Chicago","Deathscm",1993
"1473",2020-05-22,"Chicago","Deathscm",2029
"1474",2020-05-23,"Chicago","Deathscm",2059
"1475",2020-05-24,"Chicago","Deathscm",2086
"1476",2020-05-25,"Chicago","Deathscm",2109
"1477",2020-05-26,"Chicago","Deathscm",2132
"1478",2020-05-27,"Chicago","Deathscm",2158
"1479",2020-05-28,"Chicago","Deathscm",2180
"1480",2020-05-29,"Chicago","Deathscm",2200
"1481",2020-05-30,"Chicago","Deathscm",2221
"1482",2020-05-31,"Chicago","Deathscm",2243
"1483",2020-06-01,"Chicago","Deathscm",2264
"1484",2020-06-02,"Chicago","Deathscm",2289
"1485",2020-06-03,"Chicago","Deathscm",2310
"1486",2020-06-04,"Chicago","Deathscm",2325
"1487",2020-06-05,"Chicago","Deathscm",2342
"1488",2020-06-06,"Chicago","Deathscm",2362
"1489",2020-06-07,"Chicago","Deathscm",2382
"1490",2020-06-08,"Chicago","Deathscm",2397
"1491",2020-06-09,"Chicago","Deathscm",2420
"1492",2020-06-10,"Chicago","Deathscm",2432
"1493",2020-06-11,"Chicago","Deathscm",2442
"1494",2020-06-12,"Chicago","Deathscm",2463
"1495",2020-06-13,"Chicago","Deathscm",2481
"1496",2020-06-14,"Chicago","Deathscm",2493
"1497",2020-06-15,"Chicago","Deathscm",2513
"1498",2020-06-16,"Chicago","Deathscm",2524
"1499",2020-06-17,"Chicago","Deathscm",2545
"1500",2020-06-18,"Chicago","Deathscm",2559
"1501",2020-06-19,"Chicago","Deathscm",2574
"1502",2020-06-20,"Chicago","Deathscm",2584
"1503",2020-06-21,"Chicago","Deathscm",2595
"1504",2020-06-22,"Chicago","Deathscm",2604
"1505",2020-06-23,"Chicago","Deathscm",2612
"1506",2020-06-24,"Chicago","Deathscm",2621
"1507",2020-06-25,"Chicago","Deathscm",2632
"1508",2020-06-26,"Chicago","Deathscm",2645
"1509",2020-06-27,"Chicago","Deathscm",2650
"1510",2020-06-28,"Chicago","Deathscm",2655
"1511",2020-06-29,"Chicago","Deathscm",2662
"1512",2020-06-30,"Chicago","Deathscm",2665
"1513",2020-07-01,"Chicago","Deathscm",2678
"1514",2020-07-02,"Chicago","Deathscm",2684
"1515",2020-07-03,"Chicago","Deathscm",2689
"1516",2020-07-04,"Chicago","Deathscm",2694
"1517",2020-07-05,"Chicago","Deathscm",2697
"1518",2020-07-06,"Chicago","Deathscm",2702
"1519",2020-07-07,"Chicago","Deathscm",2706
"1520",2020-07-08,"Chicago","Deathscm",2710
"1521",2020-07-09,"Chicago","Deathscm",2717
"1522",2020-07-10,"Chicago","Deathscm",2723
"1523",2020-07-11,"Chicago","Deathscm",2725
"1524",2020-07-12,"Chicago","Deathscm",2729
"1525",2020-07-13,"Chicago","Deathscm",2732
"1526",2020-07-14,"Chicago","Deathscm",2735
"1527",2020-07-15,"Chicago","Deathscm",2742
"1528",2020-07-16,"Chicago","Deathscm",2744
"1529",2020-07-17,"Chicago","Deathscm",2747
"1530",2020-07-18,"Chicago","Deathscm",2751
"1531",2020-07-19,"Chicago","Deathscm",2753
"1532",2020-07-20,"Chicago","Deathscm",2758
"1533",2020-07-21,"Chicago","Deathscm",2759
"1534",2020-07-22,"Chicago","Deathscm",2763
"1535",2020-07-23,"Chicago","Deathscm",2766
"1536",2020-07-24,"Chicago","Deathscm",2769
"1537",2020-07-25,"Chicago","Deathscm",2777
"1538",2020-07-26,"Chicago","Deathscm",2783
"1539",2020-07-27,"Chicago","Deathscm",2784
"1540",2020-07-28,"Chicago","Deathscm",2787
"1541",2020-07-29,"Chicago","Deathscm",2790
"1542",2020-07-30,"Chicago","Deathscm",2792
"1543",2020-07-31,"Chicago","Deathscm",2794
"1544",2020-08-01,"Chicago","Deathscm",2799
"1545",2020-08-02,"Chicago","Deathscm",2802
"1546",2020-08-03,"Chicago","Deathscm",2805
"1547",2020-08-04,"Chicago","Deathscm",2807
"1548",2020-08-05,"Chicago","Deathscm",2811
"1549",2020-08-06,"Chicago","Deathscm",2815
"1550",2020-08-07,"Chicago","Deathscm",2817
"1551",2020-08-08,"Chicago","Deathscm",2820
"1552",2020-08-09,"Chicago","Deathscm",2822
"1553",2020-08-10,"Chicago","Deathscm",2824
"1554",2020-08-11,"Chicago","Deathscm",2828
"1555",2020-08-12,"Chicago","Deathscm",2830
"1556",2020-08-13,"Chicago","Deathscm",2834
"1557",2020-08-14,"Chicago","Deathscm",2837
"1558",2020-08-15,"Chicago","Deathscm",2842
"1559",2020-08-16,"Chicago","Deathscm",2845
"1560",2020-08-17,"Chicago","Deathscm",2848
"1561",2020-08-18,"Chicago","Deathscm",2849
"1562",2020-08-19,"Chicago","Deathscm",2854
"1563",2020-08-20,"Chicago","Deathscm",2857
"1564",2020-08-21,"Chicago","Deathscm",2862
"1565",2020-08-22,"Chicago","Deathscm",2864
"1566",2020-08-23,"Chicago","Deathscm",2865
"1567",2020-08-24,"Chicago","Deathscm",2868
"1568",2020-08-25,"Chicago","Deathscm",2872
"1569",2020-08-26,"Chicago","Deathscm",2875
"1570",2020-08-27,"Chicago","Deathscm",2877
"1571",2020-08-28,"Chicago","Deathscm",2881
"1572",2020-08-29,"Chicago","Deathscm",2885
"1573",2020-08-30,"Chicago","Deathscm",2889
"1574",2020-08-31,"Chicago","Deathscm",2891
"1575",2020-09-01,"Chicago","Deathscm",2894
"1576",2020-09-02,"Chicago","Deathscm",2897
"1577",2020-09-03,"Chicago","Deathscm",2900
"1578",2020-09-04,"Chicago","Deathscm",2902
"1579",2020-09-05,"Chicago","Deathscm",2906
"1580",2020-09-06,"Chicago","Deathscm",2908
"1581",2020-09-07,"Chicago","Deathscm",2909
"1582",2020-09-08,"Chicago","Deathscm",2910
"1583",2020-09-09,"Chicago","Deathscm",2915
"1584",2020-09-10,"Chicago","Deathscm",2917
"1585",2020-09-11,"Chicago","Deathscm",2922
"1586",2020-09-12,"Chicago","Deathscm",2922
"1587",2020-09-13,"Chicago","Deathscm",2925
"1588",2020-09-14,"Chicago","Deathscm",2928
"1589",2020-09-15,"Chicago","Deathscm",2929
"1590",2020-09-16,"Chicago","Deathscm",2933
"1591",2020-09-17,"Chicago","Deathscm",2933
"1592",2020-09-18,"Chicago","Deathscm",2937
"1593",2020-09-19,"Chicago","Deathscm",2939
"1594",2020-09-20,"Chicago","Deathscm",2945
"1595",2020-09-21,"Chicago","Deathscm",2947
"1596",2020-09-22,"Chicago","Deathscm",2949
"1597",2020-09-23,"Chicago","Deathscm",2955
"1598",2020-09-24,"Chicago","Deathscm",2960
"1599",2020-09-25,"Chicago","Deathscm",2963
"1600",2020-09-26,"Chicago","Deathscm",2967
"1601",2020-09-27,"Chicago","Deathscm",2968
"1602",2020-09-28,"Chicago","Deathscm",2970
"1603",2020-09-29,"Chicago","Deathscm",2976
"1604",2020-09-30,"Chicago","Deathscm",2978
"1605",2020-10-01,"Chicago","Deathscm",2982
"1606",2020-10-02,"Chicago","Deathscm",2985
"1607",2020-10-03,"Chicago","Deathscm",2989
"1608",2020-10-04,"Chicago","Deathscm",2994
"1609",2020-10-05,"Chicago","Deathscm",2997
"1610",2020-10-06,"Chicago","Deathscm",2999
"1611",2020-10-07,"Chicago","Deathscm",3000
"1612",2020-10-08,"Chicago","Deathscm",3003
"1613",2020-10-09,"Chicago","Deathscm",3007
"1614",2020-10-10,"Chicago","Deathscm",3012
"1615",2020-10-11,"Chicago","Deathscm",3016
"1616",2020-10-12,"Chicago","Deathscm",3020
"1617",2020-10-13,"Chicago","Deathscm",3025
"1618",2020-10-14,"Chicago","Deathscm",3028
"1619",2020-10-15,"Chicago","Deathscm",3030
"1620",2020-10-16,"Chicago","Deathscm",3033
"1621",2020-10-17,"Chicago","Deathscm",3038
"1622",2020-10-18,"Chicago","Deathscm",3039
"1623",2020-10-19,"Chicago","Deathscm",3043
"1624",2020-10-20,"Chicago","Deathscm",3048
"1625",2020-10-21,"Chicago","Deathscm",3054
"1626",2020-10-22,"Chicago","Deathscm",3058
"1627",2020-10-23,"Chicago","Deathscm",3062
"1628",2020-10-24,"Chicago","Deathscm",3067
"1629",2020-10-25,"Chicago","Deathscm",3076
"1630",2020-10-26,"Chicago","Deathscm",3084
"1631",2020-10-27,"Chicago","Deathscm",3088
"1632",2020-10-28,"Chicago","Deathscm",3095
"1633",2020-10-29,"Chicago","Deathscm",3099
"1634",2020-10-30,"Chicago","Deathscm",3103
"1635",2020-10-31,"Chicago","Deathscm",3113
"1636",2020-11-01,"Chicago","Deathscm",3118
"1637",2020-11-02,"Chicago","Deathscm",3133
"1638",2020-11-03,"Chicago","Deathscm",3146
"1639",2020-11-04,"Chicago","Deathscm",3154
"1640",2020-11-05,"Chicago","Deathscm",3160
"1641",2020-11-06,"Chicago","Deathscm",3170
"1642",2020-11-07,"Chicago","Deathscm",3182
"1643",2020-11-08,"Chicago","Deathscm",3192
"1644",2020-11-09,"Chicago","Deathscm",3205
"1645",2020-11-10,"Chicago","Deathscm",3218
"1646",2020-11-11,"Chicago","Deathscm",3226
"1647",2020-11-12,"Chicago","Deathscm",3243
"1648",2020-11-13,"Chicago","Deathscm",3260
"1649",2020-11-14,"Chicago","Deathscm",3276
"1650",2020-11-15,"Chicago","Deathscm",3286
"1651",2020-11-16,"Chicago","Deathscm",3307
"1652",2020-11-17,"Chicago","Deathscm",3323
"1653",2020-11-18,"Chicago","Deathscm",3340
"1654",2020-11-19,"Chicago","Deathscm",3356
"1655",2020-11-20,"Chicago","Deathscm",3381
"1656",2020-11-21,"Chicago","Deathscm",3399
"1657",2020-11-22,"Chicago","Deathscm",3410
"1658",2020-11-23,"Chicago","Deathscm",3427
"1659",2020-11-24,"Chicago","Deathscm",3437
"1660",2020-11-25,"Chicago","Deathscm",3450
"1661",2020-11-26,"Chicago","Deathscm",3464
"1662",2020-11-27,"Chicago","Deathscm",3476
"1663",2020-11-28,"Chicago","Deathscm",3489
"1664",2020-11-29,"Chicago","Deathscm",3501
"1665",2020-11-30,"Chicago","Deathscm",3504
"1666",2020-12-01,"Chicago","Deathscm",3504
"1667",2020-12-02,"Chicago","Deathscm",3504
"1668",NA,"Chicago","Deathscm",3504
